chunk,reservoirs,water bodies,reservoir coordinates,,,,,water body coordinates,,,,,,
0,0,0,,,,,,,,,,,,
1,1,0,[134.392 134.706 143.498 147.58 ],,,,,,,,,,,
2,0,0,,,,,,,,,,,,
3,0,0,,,,,,,,,,,,
4,0,1,,,,,,[73.79  69.08  92.316 84.152],,,,,,
5,0,0,,,,,,,,,,,,
6,0,0,,,,,,,,,,,,
7,0,0,,,,,,,,,,,,
8,0,0,,,,,,,,,,,,
9,0,0,,,,,,,,,,,,
10,0,0,,,,,,,,,,,,
11,0,0,,,,,,,,,,,,
12,0,3,,,,,,[106.76    5.652 122.46   17.584],[71.906  1.57  78.814 10.362],[ 92.63    0.628 102.678   6.28 ],,,,
13,1,1,[ 96.398  90.746 102.364 101.422],,,,,[ 99.224 112.098 116.808 126.856],,,,,,
14,0,1,,,,,,[ 71.278 144.44   84.78  151.348],,,,,,
15,0,1,,,,,,[  0.   0. 157. 157.],,,,,,
16,0,1,,,,,,[  0.   0. 157. 157.],,,,,,
17,0,1,,,,,,[  0.   0. 157. 157.],,,,,,
18,0,1,,,,,,[  0.   0. 157. 157.],,,,,,
19,0,1,,,,,,[  0.   0. 157. 157.],,,,,,
20,0,1,,,,,,[  0.   0. 157. 157.],,,,,,
21,0,1,,,,,,[  0.   0. 157. 157.],,,,,,
22,0,1,,,,,,[  0.   0. 157. 157.],,,,,,
23,0,1,,,,,,[  0.   0. 157. 157.],,,,,,
24,0,1,,,,,,[  0.   0. 157. 157.],,,,,,
25,0,1,,,,,,[  0.   0. 157. 157.],,,,,,
26,0,1,,,,,,[  0.   0. 157. 157.],,,,,,
27,0,1,,,,,,[  0.   0. 157. 157.],,,,,,
28,0,1,,,,,,[  0.   0. 157. 157.],,,,,,
29,0,1,,,,,,[  0.   0. 157. 157.],,,,,,
30,0,1,,,,,,[  0.   0. 157. 157.],,,,,,
31,0,1,,,,,,[  0.   0. 157. 157.],,,,,,
32,0,1,,,,,,[  0.   0. 157. 157.],,,,,,
33,0,1,,,,,,[  0.   0. 157. 157.],,,,,,
34,0,1,,,,,,[  0.   0. 157. 157.],,,,,,
35,0,1,,,,,,[  0.   0. 157. 157.],,,,,,
36,0,1,,,,,,[  0.   0. 157. 157.],,,,,,
37,0,1,,,,,,[  0.   0. 157. 157.],,,,,,
38,0,1,,,,,,[  0.   0. 157. 157.],,,,,,
39,0,1,,,,,,[  0.   0. 157. 157.],,,,,,
40,0,1,,,,,,[  0.   0. 157. 157.],,,,,,
41,0,1,,,,,,[  0.   0. 157. 157.],,,,,,
42,0,1,,,,,,[  0.   0. 157. 157.],,,,,,
43,0,1,,,,,,[  0.   0. 157. 157.],,,,,,
44,0,1,,,,,,[  0.   0. 157. 157.],,,,,,
45,0,1,,,,,,[  0.   0. 157. 157.],,,,,,
46,0,1,,,,,,[  0.   0. 157. 157.],,,,,,
47,0,1,,,,,,[  0.   0. 157. 157.],,,,,,
48,0,1,,,,,,[  0.   0. 157. 157.],,,,,,
49,0,1,,,,,,[  0.   0. 157. 157.],,,,,,
50,0,1,,,,,,[  0.   0. 157. 157.],,,,,,
51,0,1,,,,,,[  0.   0. 157. 157.],,,,,,
52,0,1,,,,,,[  0.   0. 157. 157.],,,,,,
53,0,1,,,,,,[  0.   0. 157. 157.],,,,,,
54,0,1,,,,,,[  0.   0. 157. 157.],,,,,,
55,0,1,,,,,,[  0.   0. 157. 157.],,,,,,
56,0,1,,,,,,[  0.   0. 157. 157.],,,,,,
57,0,1,,,,,,[  0.   0. 157. 157.],,,,,,
58,0,1,,,,,,[  0.   0. 157. 157.],,,,,,
59,0,1,,,,,,[  0.   0. 157. 157.],,,,,,
60,0,1,,,,,,[  0.   0. 157. 157.],,,,,,
61,0,1,,,,,,[  0.   0. 157. 157.],,,,,,
62,0,1,,,,,,[  0.   0. 157. 157.],,,,,,
63,0,1,,,,,,[  0.   0. 157. 157.],,,,,,
64,0,1,,,,,,[  0.   0. 157. 157.],,,,,,
65,0,1,,,,,,[  0.   0. 157. 157.],,,,,,
66,0,1,,,,,,[  0.   0. 157. 157.],,,,,,
67,0,1,,,,,,[  0.   0. 157. 157.],,,,,,
68,0,1,,,,,,[  0.   0. 157. 157.],,,,,,
69,0,1,,,,,,[  0.   0. 157. 157.],,,,,,
70,0,0,,,,,,,,,,,,
71,2,0,[ 61.858 122.774  69.394 130.938],[ 49.926 132.822  65.312 141.928],,,,,,,,,,
72,1,0,[ 60.602  92.316  72.22  103.62 ],,,,,,,,,,,
73,0,1,,,,,,[128.112  43.332 138.474  55.892],,,,,,
74,0,0,,,,,,,,,,,,
75,0,1,,,,,,[57.148 81.012 63.428 87.92 ],,,,,,
76,0,0,,,,,,,,,,,,
77,0,0,,,,,,,,,,,,
78,0,1,,,,,,[79.756 48.67  84.78  55.892],,,,,,
79,0,0,,,,,,,,,,,,
80,0,0,,,,,,,,,,,,
81,0,0,,,,,,,,,,,,
82,0,3,,,,,,[76.616 44.588 87.92  55.578],[125.6    55.892 129.368  63.114],[146.01   99.224 149.778 103.306],,,,
83,0,0,,,,,,,,,,,,
84,0,1,,,,,,[26.69  40.192 31.714 46.786],,,,,,
85,0,1,,,,,,[  0.   0. 157. 157.],,,,,,
86,0,1,,,,,,[  0.   0. 157. 157.],,,,,,
87,0,1,,,,,,[  0.   0. 157. 157.],,,,,,
88,0,1,,,,,,[  0.   0. 157. 157.],,,,,,
89,0,1,,,,,,[  0.   0. 157. 157.],,,,,,
90,0,1,,,,,,[  0.   0. 157. 157.],,,,,,
91,0,1,,,,,,[  0.   0. 157. 157.],,,,,,
92,0,1,,,,,,[  0.   0. 157. 157.],,,,,,
93,0,1,,,,,,[  0.   0. 157. 157.],,,,,,
94,0,1,,,,,,[  0.   0. 157. 157.],,,,,,
95,0,1,,,,,,[  0.   0. 157. 157.],,,,,,
96,0,1,,,,,,[  0.   0. 157. 157.],,,,,,
97,0,1,,,,,,[  0.   0. 157. 157.],,,,,,
98,0,1,,,,,,[  0.   0. 157. 157.],,,,,,
99,0,1,,,,,,[  0.   0. 157. 157.],,,,,,
100,0,1,,,,,,[  0.   0. 157. 157.],,,,,,
101,0,1,,,,,,[  0.   0. 157. 157.],,,,,,
102,0,1,,,,,,[  0.   0. 157. 157.],,,,,,
103,0,1,,,,,,[  0.   0. 157. 157.],,,,,,
104,0,1,,,,,,[  0.   0. 157. 157.],,,,,,
105,0,1,,,,,,[  0.   0. 157. 157.],,,,,,
106,0,1,,,,,,[  0.   0. 157. 157.],,,,,,
107,0,1,,,,,,[  0.   0. 157. 157.],,,,,,
108,0,1,,,,,,[  0.   0. 157. 157.],,,,,,
109,0,1,,,,,,[  0.   0. 157. 157.],,,,,,
110,0,1,,,,,,[  0.   0. 157. 157.],,,,,,
111,0,1,,,,,,[  0.   0. 157. 157.],,,,,,
112,0,1,,,,,,[  0.   0. 157. 157.],,,,,,
113,0,1,,,,,,[  0.   0. 157. 157.],,,,,,
114,0,1,,,,,,[  0.   0. 157. 157.],,,,,,
115,0,1,,,,,,[  0.   0. 157. 157.],,,,,,
116,0,1,,,,,,[  0.   0. 157. 157.],,,,,,
117,0,1,,,,,,[  0.   0. 157. 157.],,,,,,
118,0,1,,,,,,[  0.   0. 157. 157.],,,,,,
119,0,1,,,,,,[  0.   0. 157. 157.],,,,,,
120,0,1,,,,,,[  0.   0. 157. 157.],,,,,,
121,0,1,,,,,,[  0.   0. 157. 157.],,,,,,
122,0,1,,,,,,[  0.   0. 157. 157.],,,,,,
123,0,1,,,,,,[  0.   0. 157. 157.],,,,,,
124,0,1,,,,,,[  0.   0. 157. 157.],,,,,,
125,0,1,,,,,,[  0.   0. 157. 157.],,,,,,
126,0,1,,,,,,[  0.   0. 157. 157.],,,,,,
127,0,1,,,,,,[  0.   0. 157. 157.],,,,,,
128,0,1,,,,,,[  0.   0. 157. 157.],,,,,,
129,0,1,,,,,,[  0.   0. 157. 157.],,,,,,
130,0,1,,,,,,[  0.   0. 157. 157.],,,,,,
131,0,1,,,,,,[  0.   0. 157. 157.],,,,,,
132,0,1,,,,,,[  0.   0. 157. 157.],,,,,,
133,0,1,,,,,,[  0.   0. 157. 157.],,,,,,
134,0,1,,,,,,[  0.   0. 157. 157.],,,,,,
135,0,1,,,,,,[  0.   0. 157. 157.],,,,,,
136,0,1,,,,,,[  0.   0. 157. 157.],,,,,,
137,0,1,,,,,,[  0.   0. 157. 157.],,,,,,
138,0,1,,,,,,[  0.   0. 157. 157.],,,,,,
139,0,1,,,,,,[  0.   0. 157. 157.],,,,,,
140,0,0,,,,,,,,,,,,
141,0,2,,,,,,[64.37   9.42  75.046 21.352],[ 4.396 26.69  15.386 35.796],,,,,
142,0,0,,,,,,,,,,,,
143,0,2,,,,,,[122.774  75.36  135.648  85.408],[141.928  66.254 149.778  72.534],,,,,
144,0,0,,,,,,,,,,,,
145,0,0,,,,,,,,,,,,
146,0,1,,,,,,[144.126  23.55  150.72   35.168],,,,,,
147,0,0,,,,,,,,,,,,
148,0,3,,,,,,[13.816 52.752 19.154 60.916],[ 94.514  60.602 102.05   65.312],[103.306  59.66  110.528  67.196],,,,
149,1,0,[ 67.196 123.716  77.558 129.054],,,,,,,,,,,
150,2,2,[141.928 100.166 149.464 106.132],[150.72   97.026 157.    105.19 ],,,,[111.47  105.818 121.518 110.528],[112.412 112.726 120.89  118.064],,,,,
151,1,0,[ 23.55  148.208  32.656 157.   ],,,,,,,,,,,
152,0,0,,,,,,,,,,,,
153,0,3,,,,,,[39.878 20.724 43.96  36.11 ],[34.854 48.67  41.762 64.998],[18.212 68.138 28.26  74.418],,,,
154,0,0,,,,,,,,,,,,
155,0,1,,,,,,[  0.   0. 157. 157.],,,,,,
156,0,1,,,,,,[  0.   0. 157. 157.],,,,,,
157,0,1,,,,,,[  0.   0. 157. 157.],,,,,,
158,0,1,,,,,,[  0.   0. 157. 157.],,,,,,
159,0,1,,,,,,[  0.   0. 157. 157.],,,,,,
160,0,1,,,,,,[  0.   0. 157. 157.],,,,,,
161,0,1,,,,,,[  0.   0. 157. 157.],,,,,,
162,0,1,,,,,,[  0.   0. 157. 157.],,,,,,
163,0,1,,,,,,[  0.   0. 157. 157.],,,,,,
164,0,1,,,,,,[  0.   0. 157. 157.],,,,,,
165,0,1,,,,,,[  0.   0. 157. 157.],,,,,,
166,0,1,,,,,,[  0.   0. 157. 157.],,,,,,
167,0,1,,,,,,[  0.   0. 157. 157.],,,,,,
168,0,1,,,,,,[  0.   0. 157. 157.],,,,,,
169,0,1,,,,,,[  0.   0. 157. 157.],,,,,,
170,0,1,,,,,,[  0.   0. 157. 157.],,,,,,
171,0,1,,,,,,[  0.   0. 157. 157.],,,,,,
172,0,1,,,,,,[  0.   0. 157. 157.],,,,,,
173,0,1,,,,,,[  0.   0. 157. 157.],,,,,,
174,0,1,,,,,,[  0.   0. 157. 157.],,,,,,
175,0,1,,,,,,[  0.   0. 157. 157.],,,,,,
176,0,1,,,,,,[  0.   0. 157. 157.],,,,,,
177,0,1,,,,,,[  0.   0. 157. 157.],,,,,,
178,0,1,,,,,,[  0.   0. 157. 157.],,,,,,
179,0,1,,,,,,[  0.   0. 157. 157.],,,,,,
180,0,1,,,,,,[  0.   0. 157. 157.],,,,,,
181,0,1,,,,,,[  0.   0. 157. 157.],,,,,,
182,0,1,,,,,,[  0.   0. 157. 157.],,,,,,
183,0,1,,,,,,[  0.   0. 157. 157.],,,,,,
184,0,1,,,,,,[  0.   0. 157. 157.],,,,,,
185,0,1,,,,,,[  0.   0. 157. 157.],,,,,,
186,0,1,,,,,,[  0.   0. 157. 157.],,,,,,
187,0,1,,,,,,[  0.   0. 157. 157.],,,,,,
188,0,1,,,,,,[  0.   0. 157. 157.],,,,,,
189,0,1,,,,,,[  0.   0. 157. 157.],,,,,,
190,0,1,,,,,,[  0.   0. 157. 157.],,,,,,
191,0,1,,,,,,[  0.   0. 157. 157.],,,,,,
192,0,1,,,,,,[  0.   0. 157. 157.],,,,,,
193,0,1,,,,,,[  0.   0. 157. 157.],,,,,,
194,0,1,,,,,,[  0.   0. 157. 157.],,,,,,
195,0,1,,,,,,[  0.   0. 157. 157.],,,,,,
196,0,1,,,,,,[  0.   0. 157. 157.],,,,,,
197,0,1,,,,,,[  0.   0. 157. 157.],,,,,,
198,0,1,,,,,,[  0.   0. 157. 157.],,,,,,
199,0,1,,,,,,[  0.   0. 157. 157.],,,,,,
200,0,1,,,,,,[  0.   0. 157. 157.],,,,,,
201,0,1,,,,,,[  0.   0. 157. 157.],,,,,,
202,0,1,,,,,,[  0.   0. 157. 157.],,,,,,
203,0,1,,,,,,[  0.   0. 157. 157.],,,,,,
204,0,1,,,,,,[  0.   0. 157. 157.],,,,,,
205,0,1,,,,,,[  0.   0. 157. 157.],,,,,,
206,0,1,,,,,,[  0.   0. 157. 157.],,,,,,
207,0,1,,,,,,[  0.   0. 157. 157.],,,,,,
208,0,1,,,,,,[  0.   0. 157. 157.],,,,,,
209,0,1,,,,,,[  0.   0. 157. 157.],,,,,,
210,0,0,,,,,,,,,,,,
211,1,2,[70.022 53.066 78.186 62.8  ],,,,,[25.434 80.698 32.342 88.234],[81.326 57.462 88.548 62.8  ],,,,,
212,0,1,,,,,,[58.718 12.874 67.196 23.236],,,,,,
213,2,1,[29.83  74.732 40.82  83.838],[ 92.316 136.904 105.19  151.348],,,,[31.714 50.868 42.39  64.998],,,,,,
214,0,0,,,,,,,,,,,,
215,0,0,,,,,,,,,,,,
216,0,1,,,,,,[ 75.046 142.242  81.326 147.58 ],,,,,,
217,0,0,,,,,,,,,,,,
218,0,1,,,,,,[48.67  88.234 54.322 97.968],,,,,,
219,1,1,[86.036 23.55  99.852 28.574],,,,,[124.658  99.538 132.194 108.016],,,,,,
220,3,4,[39.878 10.676 47.414 14.444],[130.624  91.688 137.846  96.084],[ 60.602 152.918  70.022 157.   ],,,[25.12  10.676 37.994 20.096],[23.864 17.898 33.912 23.864],[23.864 27.318 29.516 31.4  ],[48.042 29.202 55.892 35.482],,,
221,1,2,[76.302 93.886 81.954 99.224],,,,,[10.676 31.714 12.56  38.622],[19.468 28.26  29.516 34.226],,,,,
222,0,0,,,,,,,,,,,,
223,1,2,[151.034  89.176 157.     95.142],,,,,[ 59.66  120.262  79.128 130.624],[ 64.998 110.842  77.558 118.692],,,,,
224,0,2,,,,,,[13.502 18.84  30.144 43.332],[ 0.    11.304 13.816 42.39 ],,,,,
225,0,1,,,,,,[  0.   0. 157. 157.],,,,,,
226,0,1,,,,,,[  0.   0. 157. 157.],,,,,,
227,0,1,,,,,,[  0.   0. 157. 157.],,,,,,
228,0,1,,,,,,[  0.   0. 157. 157.],,,,,,
229,0,1,,,,,,[  0.   0. 157. 157.],,,,,,
230,0,1,,,,,,[  0.   0. 157. 157.],,,,,,
231,0,1,,,,,,[  0.   0. 157. 157.],,,,,,
232,0,1,,,,,,[  0.   0. 157. 157.],,,,,,
233,0,1,,,,,,[  0.   0. 157. 157.],,,,,,
234,0,1,,,,,,[  0.   0. 157. 157.],,,,,,
235,0,1,,,,,,[  0.   0. 157. 157.],,,,,,
236,0,1,,,,,,[  0.   0. 157. 157.],,,,,,
237,0,1,,,,,,[  0.   0. 157. 157.],,,,,,
238,0,1,,,,,,[  0.   0. 157. 157.],,,,,,
239,0,1,,,,,,[  0.   0. 157. 157.],,,,,,
240,0,1,,,,,,[  0.   0. 157. 157.],,,,,,
241,0,1,,,,,,[  0.   0. 157. 157.],,,,,,
242,0,1,,,,,,[  0.   0. 157. 157.],,,,,,
243,0,1,,,,,,[  0.   0. 157. 157.],,,,,,
244,0,1,,,,,,[  0.   0. 157. 157.],,,,,,
245,0,1,,,,,,[  0.   0. 157. 157.],,,,,,
246,0,1,,,,,,[  0.   0. 157. 157.],,,,,,
247,0,1,,,,,,[  0.   0. 157. 157.],,,,,,
248,0,1,,,,,,[  0.   0. 157. 157.],,,,,,
249,0,1,,,,,,[  0.   0. 157. 157.],,,,,,
250,0,1,,,,,,[  0.   0. 157. 157.],,,,,,
251,0,1,,,,,,[  0.   0. 157. 157.],,,,,,
252,0,1,,,,,,[  0.   0. 157. 157.],,,,,,
253,0,1,,,,,,[  0.   0. 157. 157.],,,,,,
254,0,1,,,,,,[  0.   0. 157. 157.],,,,,,
255,0,1,,,,,,[  0.   0. 157. 157.],,,,,,
256,0,1,,,,,,[  0.   0. 157. 157.],,,,,,
257,0,1,,,,,,[  0.   0. 157. 157.],,,,,,
258,0,1,,,,,,[  0.   0. 157. 157.],,,,,,
259,0,1,,,,,,[  0.   0. 157. 157.],,,,,,
260,0,1,,,,,,[  0.   0. 157. 157.],,,,,,
261,0,1,,,,,,[  0.   0. 157. 157.],,,,,,
262,0,1,,,,,,[  0.   0. 157. 157.],,,,,,
263,0,1,,,,,,[  0.   0. 157. 157.],,,,,,
264,0,1,,,,,,[  0.   0. 157. 157.],,,,,,
265,0,1,,,,,,[  0.   0. 157. 157.],,,,,,
266,0,1,,,,,,[  0.   0. 157. 157.],,,,,,
267,0,1,,,,,,[  0.   0. 157. 157.],,,,,,
268,0,1,,,,,,[  0.   0. 157. 157.],,,,,,
269,0,1,,,,,,[  0.   0. 157. 157.],,,,,,
270,0,1,,,,,,[  0.   0. 157. 157.],,,,,,
271,0,1,,,,,,[  0.   0. 157. 157.],,,,,,
272,0,1,,,,,,[  0.   0. 157. 157.],,,,,,
273,0,1,,,,,,[  0.   0. 157. 157.],,,,,,
274,0,1,,,,,,[  0.   0. 157. 157.],,,,,,
275,0,1,,,,,,[  0.   0. 157. 157.],,,,,,
276,0,1,,,,,,[  0.   0. 157. 157.],,,,,,
277,0,1,,,,,,[  0.   0. 157. 157.],,,,,,
278,0,1,,,,,,[  0.   0. 157. 157.],,,,,,
279,0,1,,,,,,[  0.   0. 157. 157.],,,,,,
280,2,0,[126.856  68.766 139.416  84.152],[128.112 151.976 146.952 157.   ],,,,,,,,,,
281,1,1,[122.774 112.098 129.996 121.204],,,,,[30.772 65.312 44.902 71.906],,,,,,
282,0,0,,,,,,,,,,,,
283,0,1,,,,,,[78.5    1.256 84.466  3.768],,,,,,
284,0,0,,,,,,,,,,,,
285,0,0,,,,,,,,,,,,
286,0,1,,,,,,[ 0.     1.256  6.28  11.932],,,,,,
287,0,0,,,,,,,,,,,,
288,2,4,[59.032 55.264 63.114 60.288],[63.428 48.356 68.138 52.438],,,,[ 55.264 136.59   65.94  145.696],[92.316 95.142 96.712 98.91 ],[71.592 11.932 77.244 25.434],[ 89.176 137.846  92.316 140.986],,,
289,2,3,[52.438 53.694 57.462 58.404],[54.636 48.67  62.172 55.892],,,,[ 91.688  66.254 100.794  74.732],[130.31   75.988 139.73   86.664],[140.044  79.756 150.406  90.118],,,,
290,1,4,[ 99.852  36.11  113.982  52.124],,,,,[54.322 27.318 59.032 34.54 ],[109.586  31.4   114.61   39.25 ],[116.18   39.564 128.112  47.728],[131.566  23.55  138.474  29.83 ],,,
291,0,1,,,,,,[108.644 150.72  116.18  157.   ],,,,,,
292,4,5,[ 81.954  95.77   94.2   105.19 ],[ 81.326 115.552  88.862 119.634],[ 83.21  124.972  87.606 129.368],[ 92.944 124.658  95.77  131.252],,[112.098  18.526 121.204  26.062],[128.426  10.99  134.392  16.642],[116.18   64.998 126.228  79.442],[117.122  62.486 121.832  67.51 ],[111.156  70.336 116.18   77.244],,
293,0,1,,,,,,[ 0.    36.11   9.734 47.1  ],,,,,,
294,0,0,,,,,,,,,,,,
295,0,1,,,,,,[  0.   0. 157. 157.],,,,,,
296,0,1,,,,,,[  0.   0. 157. 157.],,,,,,
297,0,1,,,,,,[  0.   0. 157. 157.],,,,,,
298,0,1,,,,,,[  0.   0. 157. 157.],,,,,,
299,0,1,,,,,,[  0.   0. 157. 157.],,,,,,
300,0,1,,,,,,[  0.   0. 157. 157.],,,,,,
301,0,1,,,,,,[  0.   0. 157. 157.],,,,,,
302,0,1,,,,,,[  0.   0. 157. 157.],,,,,,
303,0,1,,,,,,[  0.   0. 157. 157.],,,,,,
304,0,1,,,,,,[  0.   0. 157. 157.],,,,,,
305,0,1,,,,,,[  0.   0. 157. 157.],,,,,,
306,0,1,,,,,,[  0.   0. 157. 157.],,,,,,
307,0,1,,,,,,[  0.   0. 157. 157.],,,,,,
308,0,1,,,,,,[  0.   0. 157. 157.],,,,,,
309,0,1,,,,,,[  0.   0. 157. 157.],,,,,,
310,0,1,,,,,,[  0.   0. 157. 157.],,,,,,
311,0,1,,,,,,[  0.   0. 157. 157.],,,,,,
312,0,1,,,,,,[  0.   0. 157. 157.],,,,,,
313,0,1,,,,,,[  0.   0. 157. 157.],,,,,,
314,0,1,,,,,,[  0.   0. 157. 157.],,,,,,
315,0,1,,,,,,[  0.   0. 157. 157.],,,,,,
316,0,1,,,,,,[  0.   0. 157. 157.],,,,,,
317,0,1,,,,,,[  0.   0. 157. 157.],,,,,,
318,0,1,,,,,,[  0.   0. 157. 157.],,,,,,
319,0,1,,,,,,[  0.   0. 157. 157.],,,,,,
320,0,1,,,,,,[  0.   0. 157. 157.],,,,,,
321,0,1,,,,,,[  0.   0. 157. 157.],,,,,,
322,0,1,,,,,,[  0.   0. 157. 157.],,,,,,
323,0,1,,,,,,[  0.   0. 157. 157.],,,,,,
324,0,1,,,,,,[  0.   0. 157. 157.],,,,,,
325,0,1,,,,,,[  0.   0. 157. 157.],,,,,,
326,0,1,,,,,,[  0.   0. 157. 157.],,,,,,
327,0,1,,,,,,[  0.   0. 157. 157.],,,,,,
328,0,1,,,,,,[  0.   0. 157. 157.],,,,,,
329,0,1,,,,,,[  0.   0. 157. 157.],,,,,,
330,0,1,,,,,,[  0.   0. 157. 157.],,,,,,
331,0,1,,,,,,[  0.   0. 157. 157.],,,,,,
332,0,1,,,,,,[  0.   0. 157. 157.],,,,,,
333,0,1,,,,,,[  0.   0. 157. 157.],,,,,,
334,0,1,,,,,,[  0.   0. 157. 157.],,,,,,
335,0,1,,,,,,[  0.   0. 157. 157.],,,,,,
336,0,1,,,,,,[  0.   0. 157. 157.],,,,,,
337,0,1,,,,,,[  0.   0. 157. 157.],,,,,,
338,0,1,,,,,,[  0.   0. 157. 157.],,,,,,
339,0,1,,,,,,[  0.   0. 157. 157.],,,,,,
340,0,1,,,,,,[  0.   0. 157. 157.],,,,,,
341,0,1,,,,,,[  0.   0. 157. 157.],,,,,,
342,0,1,,,,,,[  0.   0. 157. 157.],,,,,,
343,0,1,,,,,,[  0.   0. 157. 157.],,,,,,
344,0,1,,,,,,[  0.   0. 157. 157.],,,,,,
345,0,1,,,,,,[  0.   0. 157. 157.],,,,,,
346,0,1,,,,,,[  0.   0. 157. 157.],,,,,,
347,0,1,,,,,,[  0.   0. 157. 157.],,,,,,
348,0,1,,,,,,[  0.   0. 157. 157.],,,,,,
349,0,1,,,,,,[  0.   0. 157. 157.],,,,,,
350,1,0,[130.31    0.    149.778   9.106],,,,,,,,,,,
351,0,0,,,,,,,,,,,,
352,0,0,,,,,,,,,,,,
353,0,0,,,,,,,,,,,,
354,2,0,[46.786 40.192 59.032 52.752],[ 88.234  12.874 110.214  23.864],,,,,,,,,,
355,0,1,,,,,,[118.064 103.306 128.112 108.958],,,,,,
356,0,0,,,,,,,,,,,,
357,0,0,,,,,,,,,,,,
358,0,1,,,,,,[12.874 93.572 19.154 98.596],,,,,,
359,0,3,,,,,,[ 36.11  121.518  48.042 127.798],[ 55.264 123.716  65.626 129.368],[105.19   35.796 116.18   53.694],,,,
360,0,4,,,,,,[ 6.28  60.916 13.816 65.312],[10.99  43.332 18.212 54.636],[127.484  83.21  140.358  91.688],[127.17  128.112 130.938 141.614],,,
361,1,3,[147.894  47.728 157.     56.834],,,,,[ 50.554 137.532  57.776 147.894],[81.326  5.024 87.92  11.304],[73.162 11.304 79.442 16.328],,,,
362,1,1,[ 0.    49.612 28.26  70.022],,,,,[39.564 86.35  48.984 93.572],,,,,,
363,0,0,,,,,,,,,,,,
364,0,0,,,,,,,,,,,,
365,0,1,,,,,,[  0.   0. 157. 157.],,,,,,
366,0,1,,,,,,[  0.   0. 157. 157.],,,,,,
367,0,1,,,,,,[  0.   0. 157. 157.],,,,,,
368,0,1,,,,,,[  0.   0. 157. 157.],,,,,,
369,0,1,,,,,,[  0.   0. 157. 157.],,,,,,
370,0,1,,,,,,[  0.   0. 157. 157.],,,,,,
371,0,1,,,,,,[  0.   0. 157. 157.],,,,,,
372,0,1,,,,,,[  0.   0. 157. 157.],,,,,,
373,0,1,,,,,,[  0.   0. 157. 157.],,,,,,
374,0,1,,,,,,[  0.   0. 157. 157.],,,,,,
375,0,1,,,,,,[  0.   0. 157. 157.],,,,,,
376,0,1,,,,,,[  0.   0. 157. 157.],,,,,,
377,0,1,,,,,,[  0.   0. 157. 157.],,,,,,
378,0,1,,,,,,[  0.   0. 157. 157.],,,,,,
379,0,1,,,,,,[  0.   0. 157. 157.],,,,,,
380,0,1,,,,,,[  0.   0. 157. 157.],,,,,,
381,0,1,,,,,,[  0.   0. 157. 157.],,,,,,
382,0,1,,,,,,[  0.   0. 157. 157.],,,,,,
383,0,1,,,,,,[  0.   0. 157. 157.],,,,,,
384,0,1,,,,,,[  0.   0. 157. 157.],,,,,,
385,0,1,,,,,,[  0.   0. 157. 157.],,,,,,
386,0,1,,,,,,[  0.   0. 157. 157.],,,,,,
387,0,1,,,,,,[  0.   0. 157. 157.],,,,,,
388,0,1,,,,,,[  0.   0. 157. 157.],,,,,,
389,0,1,,,,,,[  0.   0. 157. 157.],,,,,,
390,0,1,,,,,,[  0.   0. 157. 157.],,,,,,
391,0,1,,,,,,[  0.   0. 157. 157.],,,,,,
392,0,1,,,,,,[  0.   0. 157. 157.],,,,,,
393,0,1,,,,,,[  0.   0. 157. 157.],,,,,,
394,0,1,,,,,,[  0.   0. 157. 157.],,,,,,
395,0,1,,,,,,[  0.   0. 157. 157.],,,,,,
396,0,1,,,,,,[  0.   0. 157. 157.],,,,,,
397,0,1,,,,,,[  0.   0. 157. 157.],,,,,,
398,0,1,,,,,,[  0.   0. 157. 157.],,,,,,
399,0,1,,,,,,[  0.   0. 157. 157.],,,,,,
400,0,1,,,,,,[  0.   0. 157. 157.],,,,,,
401,0,1,,,,,,[  0.   0. 157. 157.],,,,,,
402,0,1,,,,,,[  0.   0. 157. 157.],,,,,,
403,0,1,,,,,,[  0.   0. 157. 157.],,,,,,
404,0,1,,,,,,[  0.   0. 157. 157.],,,,,,
405,0,1,,,,,,[  0.   0. 157. 157.],,,,,,
406,0,1,,,,,,[  0.   0. 157. 157.],,,,,,
407,0,1,,,,,,[  0.   0. 157. 157.],,,,,,
408,0,1,,,,,,[  0.   0. 157. 157.],,,,,,
409,0,1,,,,,,[  0.   0. 157. 157.],,,,,,
410,0,1,,,,,,[  0.   0. 157. 157.],,,,,,
411,0,1,,,,,,[  0.   0. 157. 157.],,,,,,
412,0,1,,,,,,[  0.   0. 157. 157.],,,,,,
413,0,1,,,,,,[  0.   0. 157. 157.],,,,,,
414,0,1,,,,,,[  0.   0. 157. 157.],,,,,,
415,0,1,,,,,,[  0.   0. 157. 157.],,,,,,
416,0,1,,,,,,[  0.   0. 157. 157.],,,,,,
417,0,1,,,,,,[  0.   0. 157. 157.],,,,,,
418,0,1,,,,,,[  0.   0. 157. 157.],,,,,,
419,0,1,,,,,,[  0.   0. 157. 157.],,,,,,
420,1,0,[122.146  81.64  129.054  88.862],,,,,,,,,,,
421,1,0,[37.366 16.328 47.728 24.806],,,,,,,,,,,
422,1,0,[63.114  9.42  69.708 19.154],,,,,,,,,,,
423,0,0,,,,,,,,,,,,
424,0,0,,,,,,,,,,,,
425,0,0,,,,,,,,,,,,
426,0,0,,,,,,,,,,,,
427,2,1,[128.426 138.16  139.73  144.754],[137.846 100.794 152.604 106.132],,,,[152.29  131.566 157.    136.276],,,,,,
428,0,0,,,,,,,,,,,,
429,0,4,,,,,,[ 1.884 63.428 11.932 72.22 ],[24.806 69.394 29.83  77.872],[104.562  24.492 115.866  37.052],[129.054  18.212 135.02   32.97 ],,,
430,3,0,[10.99  40.506 18.526 43.96 ],[20.724 32.656 29.202 37.366],[47.414 28.26  51.182 33.598],,,,,,,,,
431,0,1,,,,,,[132.194   6.28  150.406  18.84 ],,,,,,
432,0,0,,,,,,,,,,,,
433,0,0,,,,,,,,,,,,
434,0,0,,,,,,,,,,,,
435,0,1,,,,,,[  0.   0. 157. 157.],,,,,,
436,0,1,,,,,,[  0.   0. 157. 157.],,,,,,
437,0,1,,,,,,[  0.   0. 157. 157.],,,,,,
438,0,1,,,,,,[  0.   0. 157. 157.],,,,,,
439,0,1,,,,,,[  0.   0. 157. 157.],,,,,,
440,0,1,,,,,,[  0.   0. 157. 157.],,,,,,
441,0,1,,,,,,[  0.   0. 157. 157.],,,,,,
442,0,1,,,,,,[  0.   0. 157. 157.],,,,,,
443,0,1,,,,,,[  0.   0. 157. 157.],,,,,,
444,0,1,,,,,,[  0.   0. 157. 157.],,,,,,
445,0,1,,,,,,[  0.   0. 157. 157.],,,,,,
446,0,1,,,,,,[  0.   0. 157. 157.],,,,,,
447,0,1,,,,,,[  0.   0. 157. 157.],,,,,,
448,0,1,,,,,,[  0.   0. 157. 157.],,,,,,
449,0,1,,,,,,[  0.   0. 157. 157.],,,,,,
450,0,1,,,,,,[  0.   0. 157. 157.],,,,,,
451,0,1,,,,,,[  0.   0. 157. 157.],,,,,,
452,0,1,,,,,,[  0.   0. 157. 157.],,,,,,
453,0,1,,,,,,[  0.   0. 157. 157.],,,,,,
454,0,1,,,,,,[  0.   0. 157. 157.],,,,,,
455,0,1,,,,,,[  0.   0. 157. 157.],,,,,,
456,0,1,,,,,,[  0.   0. 157. 157.],,,,,,
457,0,1,,,,,,[  0.   0. 157. 157.],,,,,,
458,0,1,,,,,,[  0.   0. 157. 157.],,,,,,
459,0,1,,,,,,[  0.   0. 157. 157.],,,,,,
460,0,1,,,,,,[  0.   0. 157. 157.],,,,,,
461,0,1,,,,,,[  0.   0. 157. 157.],,,,,,
462,0,1,,,,,,[  0.   0. 157. 157.],,,,,,
463,0,1,,,,,,[  0.   0. 157. 157.],,,,,,
464,0,1,,,,,,[  0.   0. 157. 157.],,,,,,
465,0,1,,,,,,[  0.   0. 157. 157.],,,,,,
466,0,1,,,,,,[  0.   0. 157. 157.],,,,,,
467,0,1,,,,,,[  0.   0. 157. 157.],,,,,,
468,0,1,,,,,,[  0.   0. 157. 157.],,,,,,
469,0,1,,,,,,[  0.   0. 157. 157.],,,,,,
470,0,1,,,,,,[  0.   0. 157. 157.],,,,,,
471,0,1,,,,,,[  0.   0. 157. 157.],,,,,,
472,0,1,,,,,,[  0.   0. 157. 157.],,,,,,
473,0,1,,,,,,[  0.   0. 157. 157.],,,,,,
474,0,1,,,,,,[  0.   0. 157. 157.],,,,,,
475,0,1,,,,,,[  0.   0. 157. 157.],,,,,,
476,0,1,,,,,,[  0.   0. 157. 157.],,,,,,
477,0,1,,,,,,[  0.   0. 157. 157.],,,,,,
478,0,1,,,,,,[  0.   0. 157. 157.],,,,,,
479,0,1,,,,,,[  0.   0. 157. 157.],,,,,,
480,0,1,,,,,,[  0.   0. 157. 157.],,,,,,
481,0,1,,,,,,[  0.   0. 157. 157.],,,,,,
482,0,1,,,,,,[  0.   0. 157. 157.],,,,,,
483,0,1,,,,,,[  0.   0. 157. 157.],,,,,,
484,0,1,,,,,,[  0.   0. 157. 157.],,,,,,
485,0,1,,,,,,[  0.   0. 157. 157.],,,,,,
486,0,1,,,,,,[  0.   0. 157. 157.],,,,,,
487,0,1,,,,,,[  0.   0. 157. 157.],,,,,,
488,0,1,,,,,,[  0.   0. 157. 157.],,,,,,
489,0,1,,,,,,[  0.   0. 157. 157.],,,,,,
490,1,0,[  1.57  135.648   8.478 140.044],,,,,,,,,,,
491,0,0,,,,,,,,,,,,
492,0,0,,,,,,,,,,,,
493,0,0,,,,,,,,,,,,
494,0,0,,,,,,,,,,,,
495,0,1,,,,,,[132.194  64.056 137.846  72.534],,,,,,
496,0,0,,,,,,,,,,,,
497,0,1,,,,,,[109.272  98.596 114.61  104.562],,,,,,
498,0,0,,,,,,,,,,,,
499,0,0,,,,,,,,,,,,
500,0,0,,,,,,,,,,,,
501,0,0,,,,,,,,,,,,
502,0,0,,,,,,,,,,,,
503,0,1,,,,,,[ 43.646 148.836  54.008 157.   ],,,,,,
504,0,0,,,,,,,,,,,,
505,0,1,,,,,,[  0.   0. 157. 157.],,,,,,
506,0,1,,,,,,[  0.   0. 157. 157.],,,,,,
507,0,1,,,,,,[  0.   0. 157. 157.],,,,,,
508,0,1,,,,,,[  0.   0. 157. 157.],,,,,,
509,0,1,,,,,,[  0.   0. 157. 157.],,,,,,
510,0,1,,,,,,[  0.   0. 157. 157.],,,,,,
511,0,1,,,,,,[  0.   0. 157. 157.],,,,,,
512,0,1,,,,,,[  0.   0. 157. 157.],,,,,,
513,0,1,,,,,,[  0.   0. 157. 157.],,,,,,
514,0,1,,,,,,[  0.   0. 157. 157.],,,,,,
515,0,1,,,,,,[  0.   0. 157. 157.],,,,,,
516,0,1,,,,,,[  0.   0. 157. 157.],,,,,,
517,0,1,,,,,,[  0.   0. 157. 157.],,,,,,
518,0,1,,,,,,[  0.   0. 157. 157.],,,,,,
519,0,1,,,,,,[  0.   0. 157. 157.],,,,,,
520,0,1,,,,,,[  0.   0. 157. 157.],,,,,,
521,0,1,,,,,,[  0.   0. 157. 157.],,,,,,
522,0,1,,,,,,[  0.   0. 157. 157.],,,,,,
523,0,1,,,,,,[  0.   0. 157. 157.],,,,,,
524,0,1,,,,,,[  0.   0. 157. 157.],,,,,,
525,0,1,,,,,,[  0.   0. 157. 157.],,,,,,
526,0,1,,,,,,[  0.   0. 157. 157.],,,,,,
527,0,1,,,,,,[  0.   0. 157. 157.],,,,,,
528,0,1,,,,,,[  0.   0. 157. 157.],,,,,,
529,0,1,,,,,,[  0.   0. 157. 157.],,,,,,
530,0,1,,,,,,[  0.   0. 157. 157.],,,,,,
531,0,1,,,,,,[  0.   0. 157. 157.],,,,,,
532,0,1,,,,,,[  0.   0. 157. 157.],,,,,,
533,0,1,,,,,,[  0.   0. 157. 157.],,,,,,
534,0,1,,,,,,[  0.   0. 157. 157.],,,,,,
535,0,1,,,,,,[  0.   0. 157. 157.],,,,,,
536,0,1,,,,,,[  0.   0. 157. 157.],,,,,,
537,0,1,,,,,,[  0.   0. 157. 157.],,,,,,
538,0,1,,,,,,[  0.   0. 157. 157.],,,,,,
539,0,1,,,,,,[  0.   0. 157. 157.],,,,,,
540,0,1,,,,,,[  0.   0. 157. 157.],,,,,,
541,0,1,,,,,,[  0.   0. 157. 157.],,,,,,
542,0,1,,,,,,[  0.   0. 157. 157.],,,,,,
543,0,1,,,,,,[  0.   0. 157. 157.],,,,,,
544,0,1,,,,,,[  0.   0. 157. 157.],,,,,,
545,0,1,,,,,,[  0.   0. 157. 157.],,,,,,
546,0,1,,,,,,[  0.   0. 157. 157.],,,,,,
547,0,1,,,,,,[  0.   0. 157. 157.],,,,,,
548,0,1,,,,,,[  0.   0. 157. 157.],,,,,,
549,0,1,,,,,,[  0.   0. 157. 157.],,,,,,
550,0,1,,,,,,[  0.   0. 157. 157.],,,,,,
551,0,1,,,,,,[  0.   0. 157. 157.],,,,,,
552,0,1,,,,,,[  0.   0. 157. 157.],,,,,,
553,0,1,,,,,,[  0.   0. 157. 157.],,,,,,
554,0,1,,,,,,[  0.   0. 157. 157.],,,,,,
555,0,1,,,,,,[  0.   0. 157. 157.],,,,,,
556,0,1,,,,,,[  0.   0. 157. 157.],,,,,,
557,0,1,,,,,,[  0.   0. 157. 157.],,,,,,
558,0,1,,,,,,[  0.   0. 157. 157.],,,,,,
559,0,1,,,,,,[  0.   0. 157. 157.],,,,,,
560,3,1,[ 48.67  138.16   55.578 145.068],[ 50.868 126.542  55.264 136.59 ],[122.774  48.042 133.136  57.148],,,[ 46.786 107.702  55.264 112.412],,,,,,
561,1,0,[130.624  23.864 139.102  31.4  ],,,,,,,,,,,
562,0,0,,,,,,,,,,,,
563,0,0,,,,,,,,,,,,
564,0,0,,,,,,,,,,,,
565,0,0,,,,,,,,,,,,
566,0,0,,,,,,,,,,,,
567,1,0,[21.98  83.21  26.062 87.92 ],,,,,,,,,,,
568,2,0,[119.634  22.608 125.286  30.144],[86.35  66.568 95.77  72.22 ],,,,,,,,,,
569,0,0,,,,,,,,,,,,
570,0,0,,,,,,,,,,,,
571,1,0,[ 29.83  138.474  51.182 156.372],,,,,,,,,,,
572,1,0,[83.21   6.908 97.968 18.212],,,,,,,,,,,
573,0,3,,,,,,[33.598  0.    56.834 40.192],[15.386 42.704 31.4   60.288],[ 57.462 137.218  82.268 145.696],,,,
574,0,1,,,,,,[  0.   0. 157. 157.],,,,,,
575,0,1,,,,,,[  0.   0. 157. 157.],,,,,,
576,0,1,,,,,,[  0.   0. 157. 157.],,,,,,
577,0,1,,,,,,[  0.   0. 157. 157.],,,,,,
578,0,1,,,,,,[  0.   0. 157. 157.],,,,,,
579,0,1,,,,,,[  0.   0. 157. 157.],,,,,,
580,0,1,,,,,,[  0.   0. 157. 157.],,,,,,
581,0,1,,,,,,[  0.   0. 157. 157.],,,,,,
582,0,1,,,,,,[  0.   0. 157. 157.],,,,,,
583,0,1,,,,,,[  0.   0. 157. 157.],,,,,,
584,0,1,,,,,,[  0.   0. 157. 157.],,,,,,
585,0,1,,,,,,[  0.   0. 157. 157.],,,,,,
586,0,1,,,,,,[  0.   0. 157. 157.],,,,,,
587,0,1,,,,,,[  0.   0. 157. 157.],,,,,,
588,0,1,,,,,,[  0.   0. 157. 157.],,,,,,
589,0,1,,,,,,[  0.   0. 157. 157.],,,,,,
590,0,1,,,,,,[  0.   0. 157. 157.],,,,,,
591,0,1,,,,,,[  0.   0. 157. 157.],,,,,,
592,0,1,,,,,,[  0.   0. 157. 157.],,,,,,
593,0,1,,,,,,[  0.   0. 157. 157.],,,,,,
594,0,1,,,,,,[  0.   0. 157. 157.],,,,,,
595,0,1,,,,,,[  0.   0. 157. 157.],,,,,,
596,0,1,,,,,,[  0.   0. 157. 157.],,,,,,
597,0,1,,,,,,[  0.   0. 157. 157.],,,,,,
598,0,1,,,,,,[  0.   0. 157. 157.],,,,,,
599,0,1,,,,,,[  0.   0. 157. 157.],,,,,,
600,0,1,,,,,,[  0.   0. 157. 157.],,,,,,
601,0,1,,,,,,[  0.   0. 157. 157.],,,,,,
602,0,1,,,,,,[  0.   0. 157. 157.],,,,,,
603,0,1,,,,,,[  0.   0. 157. 157.],,,,,,
604,0,1,,,,,,[  0.   0. 157. 157.],,,,,,
605,0,1,,,,,,[  0.   0. 157. 157.],,,,,,
606,0,1,,,,,,[  0.   0. 157. 157.],,,,,,
607,0,1,,,,,,[  0.   0. 157. 157.],,,,,,
608,0,1,,,,,,[  0.   0. 157. 157.],,,,,,
609,0,1,,,,,,[  0.   0. 157. 157.],,,,,,
610,0,1,,,,,,[  0.   0. 157. 157.],,,,,,
611,0,1,,,,,,[  0.   0. 157. 157.],,,,,,
612,0,1,,,,,,[  0.   0. 157. 157.],,,,,,
613,0,1,,,,,,[  0.   0. 157. 157.],,,,,,
614,0,1,,,,,,[  0.   0. 157. 157.],,,,,,
615,0,1,,,,,,[  0.   0. 157. 157.],,,,,,
616,0,1,,,,,,[  0.   0. 157. 157.],,,,,,
617,0,1,,,,,,[  0.   0. 157. 157.],,,,,,
618,0,1,,,,,,[  0.   0. 157. 157.],,,,,,
619,0,1,,,,,,[  0.   0. 157. 157.],,,,,,
620,0,1,,,,,,[  0.   0. 157. 157.],,,,,,
621,0,1,,,,,,[  0.   0. 157. 157.],,,,,,
622,0,1,,,,,,[  0.   0. 157. 157.],,,,,,
623,0,1,,,,,,[  0.   0. 157. 157.],,,,,,
624,0,1,,,,,,[  0.   0. 157. 157.],,,,,,
625,0,1,,,,,,[  0.   0. 157. 157.],,,,,,
626,0,1,,,,,,[  0.   0. 157. 157.],,,,,,
627,0,1,,,,,,[  0.   0. 157. 157.],,,,,,
628,0,1,,,,,,[  0.   0. 157. 157.],,,,,,
629,0,1,,,,,,[  0.   0. 157. 157.],,,,,,
630,1,0,[ 0.    52.124  5.024 55.892],,,,,,,,,,,
631,0,0,,,,,,,,,,,,
632,0,0,,,,,,,,,,,,
633,0,0,,,,,,,,,,,,
634,1,0,[34.226 70.336 43.96  75.36 ],,,,,,,,,,,
635,1,1,[69.394 20.724 72.534 23.864],,,,,[  0.     95.142   9.734 103.62 ],,,,,,
636,0,0,,,,,,,,,,,,
637,0,1,,,,,,[ 59.346 113.04   68.766 122.146],,,,,,
638,1,0,[ 84.152 129.054  96.712 140.986],,,,,,,,,,,
639,2,0,[ 59.974 110.528  80.07  131.252],[ 29.202 139.102  46.786 155.116],,,,,,,,,,
640,0,0,,,,,,,,,,,,
641,0,0,,,,,,,,,,,,
642,0,0,,,,,,,,,,,,
643,0,0,,,,,,,,,,,,
644,0,1,,,,,,[  0.   0. 157. 157.],,,,,,
645,0,1,,,,,,[  0.   0. 157. 157.],,,,,,
646,0,1,,,,,,[  0.   0. 157. 157.],,,,,,
647,0,1,,,,,,[  0.   0. 157. 157.],,,,,,
648,0,1,,,,,,[  0.   0. 157. 157.],,,,,,
649,0,1,,,,,,[  0.   0. 157. 157.],,,,,,
650,0,1,,,,,,[  0.   0. 157. 157.],,,,,,
651,0,1,,,,,,[  0.   0. 157. 157.],,,,,,
652,0,1,,,,,,[  0.   0. 157. 157.],,,,,,
653,0,1,,,,,,[  0.   0. 157. 157.],,,,,,
654,0,1,,,,,,[  0.   0. 157. 157.],,,,,,
655,0,1,,,,,,[  0.   0. 157. 157.],,,,,,
656,0,1,,,,,,[  0.   0. 157. 157.],,,,,,
657,0,1,,,,,,[  0.   0. 157. 157.],,,,,,
658,0,1,,,,,,[  0.   0. 157. 157.],,,,,,
659,0,1,,,,,,[  0.   0. 157. 157.],,,,,,
660,0,1,,,,,,[  0.   0. 157. 157.],,,,,,
661,0,1,,,,,,[  0.   0. 157. 157.],,,,,,
662,0,1,,,,,,[  0.   0. 157. 157.],,,,,,
663,0,1,,,,,,[  0.   0. 157. 157.],,,,,,
664,0,1,,,,,,[  0.   0. 157. 157.],,,,,,
665,0,1,,,,,,[  0.   0. 157. 157.],,,,,,
666,0,1,,,,,,[  0.   0. 157. 157.],,,,,,
667,0,1,,,,,,[  0.   0. 157. 157.],,,,,,
668,0,1,,,,,,[  0.   0. 157. 157.],,,,,,
669,0,1,,,,,,[  0.   0. 157. 157.],,,,,,
670,0,1,,,,,,[  0.   0. 157. 157.],,,,,,
671,0,1,,,,,,[  0.   0. 157. 157.],,,,,,
672,0,1,,,,,,[  0.   0. 157. 157.],,,,,,
673,0,1,,,,,,[  0.   0. 157. 157.],,,,,,
674,0,1,,,,,,[  0.   0. 157. 157.],,,,,,
675,0,1,,,,,,[  0.   0. 157. 157.],,,,,,
676,0,1,,,,,,[  0.   0. 157. 157.],,,,,,
677,0,1,,,,,,[  0.   0. 157. 157.],,,,,,
678,0,1,,,,,,[  0.   0. 157. 157.],,,,,,
679,0,1,,,,,,[  0.   0. 157. 157.],,,,,,
680,0,1,,,,,,[  0.   0. 157. 157.],,,,,,
681,0,1,,,,,,[  0.   0. 157. 157.],,,,,,
682,0,1,,,,,,[  0.   0. 157. 157.],,,,,,
683,0,1,,,,,,[  0.   0. 157. 157.],,,,,,
684,0,1,,,,,,[  0.   0. 157. 157.],,,,,,
685,0,1,,,,,,[  0.   0. 157. 157.],,,,,,
686,0,1,,,,,,[  0.   0. 157. 157.],,,,,,
687,0,1,,,,,,[  0.   0. 157. 157.],,,,,,
688,0,1,,,,,,[  0.   0. 157. 157.],,,,,,
689,0,1,,,,,,[  0.   0. 157. 157.],,,,,,
690,0,1,,,,,,[  0.   0. 157. 157.],,,,,,
691,0,1,,,,,,[  0.   0. 157. 157.],,,,,,
692,0,1,,,,,,[  0.   0. 157. 157.],,,,,,
693,0,1,,,,,,[  0.   0. 157. 157.],,,,,,
694,0,1,,,,,,[  0.   0. 157. 157.],,,,,,
695,0,1,,,,,,[  0.   0. 157. 157.],,,,,,
696,0,1,,,,,,[  0.   0. 157. 157.],,,,,,
697,0,1,,,,,,[  0.   0. 157. 157.],,,,,,
698,0,1,,,,,,[  0.   0. 157. 157.],,,,,,
699,0,1,,,,,,[  0.   0. 157. 157.],,,,,,
700,0,0,,,,,,,,,,,,
701,0,0,,,,,,,,,,,,
702,0,0,,,,,,,,,,,,
703,2,0,[75.674 43.96  97.654 60.916],[52.438 49.612 75.046 63.114],,,,,,,,,,
704,0,0,,,,,,,,,,,,
705,1,1,[142.242 133.764 156.686 151.976],,,,,[25.748 81.012 33.912 91.374],,,,,,
706,0,0,,,,,,,,,,,,
707,1,1,[11.618 72.848 21.666 81.64 ],,,,,[ 1.256 42.076  8.792 50.24 ],,,,,,
708,0,0,,,,,,,,,,,,
709,1,0,[ 91.06   31.714 104.562  47.1  ],,,,,,,,,,,
710,0,0,,,,,,,,,,,,
711,0,0,,,,,,,,,,,,
712,0,0,,,,,,,,,,,,
713,0,0,,,,,,,,,,,,
714,0,0,,,,,,,,,,,,
715,0,0,,,,,,,,,,,,
716,0,1,,,,,,[  0.   0. 157. 157.],,,,,,
717,0,1,,,,,,[  0.   0. 157. 157.],,,,,,
718,0,1,,,,,,[  0.   0. 157. 157.],,,,,,
719,0,1,,,,,,[  0.   0. 157. 157.],,,,,,
720,0,1,,,,,,[  0.   0. 157. 157.],,,,,,
721,0,1,,,,,,[  0.   0. 157. 157.],,,,,,
722,0,1,,,,,,[  0.   0. 157. 157.],,,,,,
723,0,1,,,,,,[  0.   0. 157. 157.],,,,,,
724,0,1,,,,,,[  0.   0. 157. 157.],,,,,,
725,0,1,,,,,,[  0.   0. 157. 157.],,,,,,
726,0,1,,,,,,[  0.   0. 157. 157.],,,,,,
727,0,1,,,,,,[  0.   0. 157. 157.],,,,,,
728,0,1,,,,,,[  0.   0. 157. 157.],,,,,,
729,0,1,,,,,,[  0.   0. 157. 157.],,,,,,
730,0,1,,,,,,[  0.   0. 157. 157.],,,,,,
731,0,1,,,,,,[  0.   0. 157. 157.],,,,,,
732,0,1,,,,,,[  0.   0. 157. 157.],,,,,,
733,0,1,,,,,,[  0.   0. 157. 157.],,,,,,
734,0,1,,,,,,[  0.   0. 157. 157.],,,,,,
735,0,1,,,,,,[  0.   0. 157. 157.],,,,,,
736,0,1,,,,,,[  0.   0. 157. 157.],,,,,,
737,0,1,,,,,,[  0.   0. 157. 157.],,,,,,
738,0,1,,,,,,[  0.   0. 157. 157.],,,,,,
739,0,1,,,,,,[  0.   0. 157. 157.],,,,,,
740,0,1,,,,,,[  0.   0. 157. 157.],,,,,,
741,0,1,,,,,,[  0.   0. 157. 157.],,,,,,
742,0,1,,,,,,[  0.   0. 157. 157.],,,,,,
743,0,1,,,,,,[  0.   0. 157. 157.],,,,,,
744,0,1,,,,,,[  0.   0. 157. 157.],,,,,,
745,0,1,,,,,,[  0.   0. 157. 157.],,,,,,
746,0,1,,,,,,[  0.   0. 157. 157.],,,,,,
747,0,1,,,,,,[  0.   0. 157. 157.],,,,,,
748,0,1,,,,,,[  0.   0. 157. 157.],,,,,,
749,0,1,,,,,,[  0.   0. 157. 157.],,,,,,
750,0,1,,,,,,[  0.   0. 157. 157.],,,,,,
751,0,1,,,,,,[  0.   0. 157. 157.],,,,,,
752,0,1,,,,,,[  0.   0. 157. 157.],,,,,,
753,0,1,,,,,,[  0.   0. 157. 157.],,,,,,
754,0,1,,,,,,[  0.   0. 157. 157.],,,,,,
755,0,1,,,,,,[  0.   0. 157. 157.],,,,,,
756,0,1,,,,,,[  0.   0. 157. 157.],,,,,,
757,0,1,,,,,,[  0.   0. 157. 157.],,,,,,
758,0,1,,,,,,[  0.   0. 157. 157.],,,,,,
759,0,1,,,,,,[  0.   0. 157. 157.],,,,,,
760,0,1,,,,,,[  0.   0. 157. 157.],,,,,,
761,0,1,,,,,,[  0.   0. 157. 157.],,,,,,
762,0,1,,,,,,[  0.   0. 157. 157.],,,,,,
763,0,1,,,,,,[  0.   0. 157. 157.],,,,,,
764,0,1,,,,,,[  0.   0. 157. 157.],,,,,,
765,0,1,,,,,,[  0.   0. 157. 157.],,,,,,
766,0,1,,,,,,[  0.   0. 157. 157.],,,,,,
767,0,1,,,,,,[  0.   0. 157. 157.],,,,,,
768,0,1,,,,,,[  0.   0. 157. 157.],,,,,,
769,0,1,,,,,,[  0.   0. 157. 157.],,,,,,
770,0,0,,,,,,,,,,,,
771,1,0,[ 87.92  128.74   94.514 136.59 ],,,,,,,,,,,
772,0,2,,,,,,[100.166 109.9   115.238 122.46 ],[  0.    136.904  46.786 145.382],,,,,
773,0,0,,,,,,,,,,,,
774,0,0,,,,,,,,,,,,
775,2,0,[35.168 86.664 40.506 96.398],[34.854 74.104 40.82  86.664],,,,,,,,,,
776,1,0,[ 9.106  3.14  20.096 17.27 ],,,,,,,,,,,
777,1,1,[123.402  78.186 130.938  87.292],,,,,[28.574 46.158 36.11  52.438],,,,,,
778,0,0,,,,,,,,,,,,
779,0,0,,,,,,,,,,,,
780,0,0,,,,,,,,,,,,
781,0,0,,,,,,,,,,,,
782,0,0,,,,,,,,,,,,
783,0,0,,,,,,,,,,,,
784,0,1,,,,,,[  0.   0. 157. 157.],,,,,,
785,0,1,,,,,,[  0.   0. 157. 157.],,,,,,
786,0,1,,,,,,[  0.   0. 157. 157.],,,,,,
787,0,1,,,,,,[  0.   0. 157. 157.],,,,,,
788,0,1,,,,,,[  0.   0. 157. 157.],,,,,,
789,0,1,,,,,,[  0.   0. 157. 157.],,,,,,
790,0,1,,,,,,[  0.   0. 157. 157.],,,,,,
791,0,1,,,,,,[  0.   0. 157. 157.],,,,,,
792,0,1,,,,,,[  0.   0. 157. 157.],,,,,,
793,0,1,,,,,,[  0.   0. 157. 157.],,,,,,
794,0,1,,,,,,[  0.   0. 157. 157.],,,,,,
795,0,1,,,,,,[  0.   0. 157. 157.],,,,,,
796,0,1,,,,,,[  0.   0. 157. 157.],,,,,,
797,0,1,,,,,,[  0.   0. 157. 157.],,,,,,
798,0,1,,,,,,[  0.   0. 157. 157.],,,,,,
799,0,1,,,,,,[  0.   0. 157. 157.],,,,,,
800,0,1,,,,,,[  0.   0. 157. 157.],,,,,,
801,0,1,,,,,,[  0.   0. 157. 157.],,,,,,
802,0,1,,,,,,[  0.   0. 157. 157.],,,,,,
803,0,1,,,,,,[  0.   0. 157. 157.],,,,,,
804,0,1,,,,,,[  0.   0. 157. 157.],,,,,,
805,0,1,,,,,,[  0.   0. 157. 157.],,,,,,
806,0,1,,,,,,[  0.   0. 157. 157.],,,,,,
807,0,1,,,,,,[  0.   0. 157. 157.],,,,,,
808,0,1,,,,,,[  0.   0. 157. 157.],,,,,,
809,0,1,,,,,,[  0.   0. 157. 157.],,,,,,
810,0,1,,,,,,[  0.   0. 157. 157.],,,,,,
811,0,1,,,,,,[  0.   0. 157. 157.],,,,,,
812,0,1,,,,,,[  0.   0. 157. 157.],,,,,,
813,0,1,,,,,,[  0.   0. 157. 157.],,,,,,
814,0,1,,,,,,[  0.   0. 157. 157.],,,,,,
815,0,1,,,,,,[  0.   0. 157. 157.],,,,,,
816,0,1,,,,,,[  0.   0. 157. 157.],,,,,,
817,0,1,,,,,,[  0.   0. 157. 157.],,,,,,
818,0,1,,,,,,[  0.   0. 157. 157.],,,,,,
819,0,1,,,,,,[  0.   0. 157. 157.],,,,,,
820,0,1,,,,,,[  0.   0. 157. 157.],,,,,,
821,0,1,,,,,,[  0.   0. 157. 157.],,,,,,
822,0,1,,,,,,[  0.   0. 157. 157.],,,,,,
823,0,1,,,,,,[  0.   0. 157. 157.],,,,,,
824,0,1,,,,,,[  0.   0. 157. 157.],,,,,,
825,0,1,,,,,,[  0.   0. 157. 157.],,,,,,
826,0,1,,,,,,[  0.   0. 157. 157.],,,,,,
827,0,1,,,,,,[  0.   0. 157. 157.],,,,,,
828,0,1,,,,,,[  0.   0. 157. 157.],,,,,,
829,0,1,,,,,,[  0.   0. 157. 157.],,,,,,
830,0,1,,,,,,[  0.   0. 157. 157.],,,,,,
831,0,1,,,,,,[  0.   0. 157. 157.],,,,,,
832,0,1,,,,,,[  0.   0. 157. 157.],,,,,,
833,0,1,,,,,,[  0.   0. 157. 157.],,,,,,
834,0,1,,,,,,[  0.   0. 157. 157.],,,,,,
835,0,1,,,,,,[  0.   0. 157. 157.],,,,,,
836,0,1,,,,,,[  0.   0. 157. 157.],,,,,,
837,0,1,,,,,,[  0.   0. 157. 157.],,,,,,
838,0,1,,,,,,[  0.   0. 157. 157.],,,,,,
839,0,1,,,,,,[  0.   0. 157. 157.],,,,,,
840,3,0,[100.48  113.04  110.842 121.832],[122.146 118.378 128.426 124.658],[129.054 119.948 134.706 125.6  ],,,,,,,,,
841,0,0,,,,,,,,,,,,
842,0,0,,,,,,,,,,,,
843,1,0,[124.03   36.11  130.938  41.448],,,,,,,,,,,
844,0,0,,,,,,,,,,,,
845,0,1,,,,,,[14.758  4.396 21.666 13.502],,,,,,
846,0,0,,,,,,,,,,,,
847,0,2,,,,,,[ 73.162 127.484 110.214 155.43 ],[  0.    141.928  12.56  157.   ],,,,,
848,0,0,,,,,,,,,,,,
849,0,0,,,,,,,,,,,,
850,0,0,,,,,,,,,,,,
851,0,0,,,,,,,,,,,,
852,0,0,,,,,,,,,,,,
853,0,1,,,,,,[  0.   0. 157. 157.],,,,,,
854,0,1,,,,,,[  0.   0. 157. 157.],,,,,,
855,0,1,,,,,,[  0.   0. 157. 157.],,,,,,
856,0,1,,,,,,[  0.   0. 157. 157.],,,,,,
857,0,1,,,,,,[  0.   0. 157. 157.],,,,,,
858,0,1,,,,,,[  0.   0. 157. 157.],,,,,,
859,0,1,,,,,,[  0.   0. 157. 157.],,,,,,
860,0,1,,,,,,[  0.   0. 157. 157.],,,,,,
861,0,1,,,,,,[  0.   0. 157. 157.],,,,,,
862,0,1,,,,,,[  0.   0. 157. 157.],,,,,,
863,0,1,,,,,,[  0.   0. 157. 157.],,,,,,
864,0,1,,,,,,[  0.   0. 157. 157.],,,,,,
865,0,1,,,,,,[  0.   0. 157. 157.],,,,,,
866,0,1,,,,,,[  0.   0. 157. 157.],,,,,,
867,0,1,,,,,,[  0.   0. 157. 157.],,,,,,
868,0,1,,,,,,[  0.   0. 157. 157.],,,,,,
869,0,1,,,,,,[  0.   0. 157. 157.],,,,,,
870,0,1,,,,,,[  0.   0. 157. 157.],,,,,,
871,0,1,,,,,,[  0.   0. 157. 157.],,,,,,
872,0,1,,,,,,[  0.   0. 157. 157.],,,,,,
873,0,1,,,,,,[  0.   0. 157. 157.],,,,,,
874,0,1,,,,,,[  0.   0. 157. 157.],,,,,,
875,0,1,,,,,,[  0.   0. 157. 157.],,,,,,
876,0,1,,,,,,[  0.   0. 157. 157.],,,,,,
877,0,1,,,,,,[  0.   0. 157. 157.],,,,,,
878,0,1,,,,,,[  0.   0. 157. 157.],,,,,,
879,0,1,,,,,,[  0.   0. 157. 157.],,,,,,
880,0,1,,,,,,[  0.   0. 157. 157.],,,,,,
881,0,1,,,,,,[  0.   0. 157. 157.],,,,,,
882,0,1,,,,,,[  0.   0. 157. 157.],,,,,,
883,0,1,,,,,,[  0.   0. 157. 157.],,,,,,
884,0,1,,,,,,[  0.   0. 157. 157.],,,,,,
885,0,1,,,,,,[  0.   0. 157. 157.],,,,,,
886,0,1,,,,,,[  0.   0. 157. 157.],,,,,,
887,0,1,,,,,,[  0.   0. 157. 157.],,,,,,
888,0,1,,,,,,[  0.   0. 157. 157.],,,,,,
889,0,1,,,,,,[  0.   0. 157. 157.],,,,,,
890,0,1,,,,,,[  0.   0. 157. 157.],,,,,,
891,0,1,,,,,,[  0.   0. 157. 157.],,,,,,
892,0,1,,,,,,[  0.   0. 157. 157.],,,,,,
893,0,1,,,,,,[  0.   0. 157. 157.],,,,,,
894,0,1,,,,,,[  0.   0. 157. 157.],,,,,,
895,0,1,,,,,,[  0.   0. 157. 157.],,,,,,
896,0,1,,,,,,[  0.   0. 157. 157.],,,,,,
897,0,1,,,,,,[  0.   0. 157. 157.],,,,,,
898,0,1,,,,,,[  0.   0. 157. 157.],,,,,,
899,0,1,,,,,,[  0.   0. 157. 157.],,,,,,
900,0,1,,,,,,[  0.   0. 157. 157.],,,,,,
901,0,1,,,,,,[  0.   0. 157. 157.],,,,,,
902,0,1,,,,,,[  0.   0. 157. 157.],,,,,,
903,0,1,,,,,,[  0.   0. 157. 157.],,,,,,
904,0,1,,,,,,[  0.   0. 157. 157.],,,,,,
905,0,1,,,,,,[  0.   0. 157. 157.],,,,,,
906,0,1,,,,,,[  0.   0. 157. 157.],,,,,,
907,0,1,,,,,,[  0.   0. 157. 157.],,,,,,
908,0,1,,,,,,[  0.   0. 157. 157.],,,,,,
909,0,1,,,,,,[  0.   0. 157. 157.],,,,,,
910,0,0,,,,,,,,,,,,
911,1,0,[ 39.564 107.388  48.356 123.402],,,,,,,,,,,
912,1,1,[ 54.008 114.296  66.254 128.74 ],,,,,[120.89   57.776 130.31   65.94 ],,,,,,
913,0,0,,,,,,,,,,,,
914,0,0,,,,,,,,,,,,
915,2,0,[137.846  19.154 144.126  27.946],[150.72    5.338 157.     20.096],,,,,,,,,,
916,3,0,[37.366 40.506 55.578 62.172],[27.946 32.656 45.53  51.81 ],[ 0.     2.512 10.99  19.782],,,,,,,,,
917,0,0,,,,,,,,,,,,
918,0,0,,,,,,,,,,,,
919,0,0,,,,,,,,,,,,
920,0,0,,,,,,,,,,,,
921,0,0,,,,,,,,,,,,
922,0,0,,,,,,,,,,,,
923,0,0,,,,,,,,,,,,
924,0,0,,,,,,,,,,,,
925,0,1,,,,,,[  0.   0. 157. 157.],,,,,,
926,0,1,,,,,,[  0.   0. 157. 157.],,,,,,
927,0,1,,,,,,[  0.   0. 157. 157.],,,,,,
928,0,1,,,,,,[  0.   0. 157. 157.],,,,,,
929,0,1,,,,,,[  0.   0. 157. 157.],,,,,,
930,0,1,,,,,,[  0.   0. 157. 157.],,,,,,
931,0,1,,,,,,[  0.   0. 157. 157.],,,,,,
932,0,1,,,,,,[  0.   0. 157. 157.],,,,,,
933,0,1,,,,,,[  0.   0. 157. 157.],,,,,,
934,0,1,,,,,,[  0.   0. 157. 157.],,,,,,
935,0,1,,,,,,[  0.   0. 157. 157.],,,,,,
936,0,1,,,,,,[  0.   0. 157. 157.],,,,,,
937,0,1,,,,,,[  0.   0. 157. 157.],,,,,,
938,0,1,,,,,,[  0.   0. 157. 157.],,,,,,
939,0,1,,,,,,[  0.   0. 157. 157.],,,,,,
940,0,1,,,,,,[  0.   0. 157. 157.],,,,,,
941,0,1,,,,,,[  0.   0. 157. 157.],,,,,,
942,0,1,,,,,,[  0.   0. 157. 157.],,,,,,
943,0,1,,,,,,[  0.   0. 157. 157.],,,,,,
944,0,1,,,,,,[  0.   0. 157. 157.],,,,,,
945,0,1,,,,,,[  0.   0. 157. 157.],,,,,,
946,0,1,,,,,,[  0.   0. 157. 157.],,,,,,
947,0,1,,,,,,[  0.   0. 157. 157.],,,,,,
948,0,1,,,,,,[  0.   0. 157. 157.],,,,,,
949,0,1,,,,,,[  0.   0. 157. 157.],,,,,,
950,0,1,,,,,,[  0.   0. 157. 157.],,,,,,
951,0,1,,,,,,[  0.   0. 157. 157.],,,,,,
952,0,1,,,,,,[  0.   0. 157. 157.],,,,,,
953,0,1,,,,,,[  0.   0. 157. 157.],,,,,,
954,0,1,,,,,,[  0.   0. 157. 157.],,,,,,
955,0,1,,,,,,[  0.   0. 157. 157.],,,,,,
956,0,1,,,,,,[  0.   0. 157. 157.],,,,,,
957,0,1,,,,,,[  0.   0. 157. 157.],,,,,,
958,0,1,,,,,,[  0.   0. 157. 157.],,,,,,
959,0,1,,,,,,[  0.   0. 157. 157.],,,,,,
960,0,1,,,,,,[  0.   0. 157. 157.],,,,,,
961,0,1,,,,,,[  0.   0. 157. 157.],,,,,,
962,0,1,,,,,,[  0.   0. 157. 157.],,,,,,
963,0,1,,,,,,[  0.   0. 157. 157.],,,,,,
964,0,1,,,,,,[  0.   0. 157. 157.],,,,,,
965,0,1,,,,,,[  0.   0. 157. 157.],,,,,,
966,0,1,,,,,,[  0.   0. 157. 157.],,,,,,
967,0,1,,,,,,[  0.   0. 157. 157.],,,,,,
968,0,1,,,,,,[  0.   0. 157. 157.],,,,,,
969,0,1,,,,,,[  0.   0. 157. 157.],,,,,,
970,0,1,,,,,,[  0.   0. 157. 157.],,,,,,
971,0,1,,,,,,[  0.   0. 157. 157.],,,,,,
972,0,1,,,,,,[  0.   0. 157. 157.],,,,,,
973,0,1,,,,,,[  0.   0. 157. 157.],,,,,,
974,0,1,,,,,,[  0.   0. 157. 157.],,,,,,
975,0,1,,,,,,[  0.   0. 157. 157.],,,,,,
976,0,1,,,,,,[  0.   0. 157. 157.],,,,,,
977,0,1,,,,,,[  0.   0. 157. 157.],,,,,,
978,0,1,,,,,,[  0.   0. 157. 157.],,,,,,
979,0,1,,,,,,[  0.   0. 157. 157.],,,,,,
980,0,0,,,,,,,,,,,,
981,0,1,,,,,,[140.672 141.3   153.232 149.15 ],,,,,,
982,1,0,[ 37.366 131.566  46.158 138.788],,,,,,,,,,,
983,1,0,[67.196 70.022 73.79  78.5  ],,,,,,,,,,,
984,0,0,,,,,,,,,,,,
985,0,0,,,,,,,,,,,,
986,0,0,,,,,,,,,,,,
987,0,0,,,,,,,,,,,,
988,0,0,,,,,,,,,,,,
989,0,0,,,,,,,,,,,,
990,0,0,,,,,,,,,,,,
991,0,1,,,,,,[  0.   0. 157. 157.],,,,,,
992,0,1,,,,,,[  0.   0. 157. 157.],,,,,,
993,0,1,,,,,,[  0.   0. 157. 157.],,,,,,
994,0,1,,,,,,[  0.   0. 157. 157.],,,,,,
995,0,1,,,,,,[  0.   0. 157. 157.],,,,,,
996,0,1,,,,,,[  0.   0. 157. 157.],,,,,,
997,0,1,,,,,,[  0.   0. 157. 157.],,,,,,
998,0,1,,,,,,[  0.   0. 157. 157.],,,,,,
999,0,1,,,,,,[  0.   0. 157. 157.],,,,,,
1000,0,1,,,,,,[  0.   0. 157. 157.],,,,,,
1001,0,1,,,,,,[  0.   0. 157. 157.],,,,,,
1002,0,1,,,,,,[  0.   0. 157. 157.],,,,,,
1003,0,1,,,,,,[  0.   0. 157. 157.],,,,,,
1004,0,1,,,,,,[  0.   0. 157. 157.],,,,,,
1005,0,1,,,,,,[  0.   0. 157. 157.],,,,,,
1006,0,1,,,,,,[  0.   0. 157. 157.],,,,,,
1007,0,1,,,,,,[  0.   0. 157. 157.],,,,,,
1008,0,1,,,,,,[  0.   0. 157. 157.],,,,,,
1009,0,1,,,,,,[  0.   0. 157. 157.],,,,,,
1010,0,1,,,,,,[  0.   0. 157. 157.],,,,,,
1011,0,1,,,,,,[  0.   0. 157. 157.],,,,,,
1012,0,1,,,,,,[  0.   0. 157. 157.],,,,,,
1013,0,1,,,,,,[  0.   0. 157. 157.],,,,,,
1014,0,1,,,,,,[  0.   0. 157. 157.],,,,,,
1015,0,1,,,,,,[  0.   0. 157. 157.],,,,,,
1016,0,1,,,,,,[  0.   0. 157. 157.],,,,,,
1017,0,1,,,,,,[  0.   0. 157. 157.],,,,,,
1018,0,1,,,,,,[  0.   0. 157. 157.],,,,,,
1019,0,1,,,,,,[  0.   0. 157. 157.],,,,,,
1020,0,1,,,,,,[  0.   0. 157. 157.],,,,,,
1021,0,1,,,,,,[  0.   0. 157. 157.],,,,,,
1022,0,1,,,,,,[  0.   0. 157. 157.],,,,,,
1023,0,1,,,,,,[  0.   0. 157. 157.],,,,,,
1024,0,1,,,,,,[  0.   0. 157. 157.],,,,,,
1025,0,1,,,,,,[  0.   0. 157. 157.],,,,,,
1026,0,1,,,,,,[  0.   0. 157. 157.],,,,,,
1027,0,1,,,,,,[  0.   0. 157. 157.],,,,,,
1028,0,1,,,,,,[  0.   0. 157. 157.],,,,,,
1029,0,1,,,,,,[  0.   0. 157. 157.],,,,,,
1030,0,1,,,,,,[  0.   0. 157. 157.],,,,,,
1031,0,1,,,,,,[  0.   0. 157. 157.],,,,,,
1032,0,1,,,,,,[  0.   0. 157. 157.],,,,,,
1033,0,1,,,,,,[  0.   0. 157. 157.],,,,,,
1034,0,1,,,,,,[  0.   0. 157. 157.],,,,,,
1035,0,1,,,,,,[  0.   0. 157. 157.],,,,,,
1036,0,1,,,,,,[  0.   0. 157. 157.],,,,,,
1037,0,1,,,,,,[  0.   0. 157. 157.],,,,,,
1038,0,1,,,,,,[  0.   0. 157. 157.],,,,,,
1039,0,1,,,,,,[  0.   0. 157. 157.],,,,,,
1040,0,1,,,,,,[  0.   0. 157. 157.],,,,,,
1041,0,1,,,,,,[  0.   0. 157. 157.],,,,,,
1042,0,1,,,,,,[  0.   0. 157. 157.],,,,,,
1043,0,1,,,,,,[  0.   0. 157. 157.],,,,,,
1044,0,1,,,,,,[  0.   0. 157. 157.],,,,,,
1045,0,1,,,,,,[  0.   0. 157. 157.],,,,,,
1046,0,1,,,,,,[  0.   0. 157. 157.],,,,,,
1047,0,1,,,,,,[  0.   0. 157. 157.],,,,,,
1048,0,1,,,,,,[  0.   0. 157. 157.],,,,,,
1049,0,1,,,,,,[  0.   0. 157. 157.],,,,,,
1050,0,0,,,,,,,,,,,,
1051,0,0,,,,,,,,,,,,
1052,0,0,,,,,,,,,,,,
1053,1,0,[55.892  0.942 67.824 13.502],,,,,,,,,,,
1054,0,0,,,,,,,,,,,,
1055,0,0,,,,,,,,,,,,
1056,0,0,,,,,,,,,,,,
1057,0,0,,,,,,,,,,,,
1058,0,1,,,,,,[  0.   0. 157. 157.],,,,,,
1059,0,1,,,,,,[  0.   0. 157. 157.],,,,,,
1060,0,1,,,,,,[  0.   0. 157. 157.],,,,,,
1061,0,1,,,,,,[  0.   0. 157. 157.],,,,,,
1062,0,1,,,,,,[  0.   0. 157. 157.],,,,,,
1063,0,1,,,,,,[  0.   0. 157. 157.],,,,,,
1064,0,1,,,,,,[  0.   0. 157. 157.],,,,,,
1065,0,1,,,,,,[  0.   0. 157. 157.],,,,,,
1066,0,1,,,,,,[  0.   0. 157. 157.],,,,,,
1067,0,1,,,,,,[  0.   0. 157. 157.],,,,,,
1068,0,1,,,,,,[  0.   0. 157. 157.],,,,,,
1069,0,1,,,,,,[  0.   0. 157. 157.],,,,,,
1070,0,1,,,,,,[  0.   0. 157. 157.],,,,,,
1071,0,1,,,,,,[  0.   0. 157. 157.],,,,,,
1072,0,1,,,,,,[  0.   0. 157. 157.],,,,,,
1073,0,1,,,,,,[  0.   0. 157. 157.],,,,,,
1074,0,1,,,,,,[  0.   0. 157. 157.],,,,,,
1075,0,1,,,,,,[  0.   0. 157. 157.],,,,,,
1076,0,1,,,,,,[  0.   0. 157. 157.],,,,,,
1077,0,1,,,,,,[  0.   0. 157. 157.],,,,,,
1078,0,1,,,,,,[  0.   0. 157. 157.],,,,,,
1079,0,1,,,,,,[  0.   0. 157. 157.],,,,,,
1080,0,1,,,,,,[  0.   0. 157. 157.],,,,,,
1081,0,1,,,,,,[  0.   0. 157. 157.],,,,,,
1082,0,1,,,,,,[  0.   0. 157. 157.],,,,,,
1083,0,1,,,,,,[  0.   0. 157. 157.],,,,,,
1084,0,1,,,,,,[  0.   0. 157. 157.],,,,,,
1085,0,1,,,,,,[  0.   0. 157. 157.],,,,,,
1086,0,1,,,,,,[  0.   0. 157. 157.],,,,,,
1087,0,1,,,,,,[  0.   0. 157. 157.],,,,,,
1088,0,1,,,,,,[  0.   0. 157. 157.],,,,,,
1089,0,1,,,,,,[  0.   0. 157. 157.],,,,,,
1090,0,1,,,,,,[  0.   0. 157. 157.],,,,,,
1091,0,1,,,,,,[  0.   0. 157. 157.],,,,,,
1092,0,1,,,,,,[  0.   0. 157. 157.],,,,,,
1093,0,1,,,,,,[  0.   0. 157. 157.],,,,,,
1094,0,1,,,,,,[  0.   0. 157. 157.],,,,,,
1095,0,1,,,,,,[  0.   0. 157. 157.],,,,,,
1096,0,1,,,,,,[  0.   0. 157. 157.],,,,,,
1097,0,1,,,,,,[  0.   0. 157. 157.],,,,,,
1098,0,1,,,,,,[  0.   0. 157. 157.],,,,,,
1099,0,1,,,,,,[  0.   0. 157. 157.],,,,,,
1100,0,1,,,,,,[  0.   0. 157. 157.],,,,,,
1101,0,1,,,,,,[  0.   0. 157. 157.],,,,,,
1102,0,1,,,,,,[  0.   0. 157. 157.],,,,,,
1103,0,1,,,,,,[  0.   0. 157. 157.],,,,,,
1104,0,1,,,,,,[  0.   0. 157. 157.],,,,,,
1105,0,1,,,,,,[  0.   0. 157. 157.],,,,,,
1106,0,1,,,,,,[  0.   0. 157. 157.],,,,,,
1107,0,1,,,,,,[  0.   0. 157. 157.],,,,,,
1108,0,1,,,,,,[  0.   0. 157. 157.],,,,,,
1109,0,1,,,,,,[  0.   0. 157. 157.],,,,,,
1110,0,1,,,,,,[  0.   0. 157. 157.],,,,,,
1111,0,1,,,,,,[  0.   0. 157. 157.],,,,,,
1112,0,1,,,,,,[  0.   0. 157. 157.],,,,,,
1113,0,1,,,,,,[  0.   0. 157. 157.],,,,,,
1114,0,1,,,,,,[  0.   0. 157. 157.],,,,,,
1115,0,1,,,,,,[  0.   0. 157. 157.],,,,,,
1116,0,1,,,,,,[  0.   0. 157. 157.],,,,,,
1117,0,1,,,,,,[  0.   0. 157. 157.],,,,,,
1118,0,1,,,,,,[  0.   0. 157. 157.],,,,,,
1119,0,1,,,,,,[  0.   0. 157. 157.],,,,,,
1120,0,0,,,,,,,,,,,,
1121,0,0,,,,,,,,,,,,
1122,0,0,,,,,,,,,,,,
1123,0,0,,,,,,,,,,,,
1124,0,0,,,,,,,,,,,,
1125,0,0,,,,,,,,,,,,
1126,0,0,,,,,,,,,,,,
1127,0,1,,,,,,[  0.   0. 157. 157.],,,,,,
1128,0,0,,,,,,,,,,,,
1129,0,0,,,,,,,,,,,,
1130,0,0,,,,,,,,,,,,
1131,0,0,,,,,,,,,,,,
1132,0,0,,,,,,,,,,,,
1133,0,0,,,,,,,,,,,,
1134,0,0,,,,,,,,,,,,
1135,0,0,,,,,,,,,,,,
1136,0,0,,,,,,,,,,,,
1137,0,0,,,,,,,,,,,,
1138,0,0,,,,,,,,,,,,
1139,0,1,,,,,,[  0.   0. 157. 157.],,,,,,
1140,0,1,,,,,,[  0.   0. 157. 157.],,,,,,
1141,0,1,,,,,,[  0.   0. 157. 157.],,,,,,
1142,0,1,,,,,,[  0.   0. 157. 157.],,,,,,
1143,0,1,,,,,,[  0.   0. 157. 157.],,,,,,
1144,0,1,,,,,,[  0.   0. 157. 157.],,,,,,
1145,0,1,,,,,,[  0.   0. 157. 157.],,,,,,
1146,0,1,,,,,,[  0.   0. 157. 157.],,,,,,
1147,0,1,,,,,,[  0.   0. 157. 157.],,,,,,
1148,0,1,,,,,,[  0.   0. 157. 157.],,,,,,
1149,0,1,,,,,,[  0.   0. 157. 157.],,,,,,
1150,0,1,,,,,,[  0.   0. 157. 157.],,,,,,
1151,0,1,,,,,,[  0.   0. 157. 157.],,,,,,
1152,0,1,,,,,,[  0.   0. 157. 157.],,,,,,
1153,0,1,,,,,,[  0.   0. 157. 157.],,,,,,
1154,0,1,,,,,,[  0.   0. 157. 157.],,,,,,
1155,0,1,,,,,,[  0.   0. 157. 157.],,,,,,
1156,0,1,,,,,,[  0.   0. 157. 157.],,,,,,
1157,0,1,,,,,,[  0.   0. 157. 157.],,,,,,
1158,0,1,,,,,,[  0.   0. 157. 157.],,,,,,
1159,0,1,,,,,,[  0.   0. 157. 157.],,,,,,
1160,0,1,,,,,,[  0.   0. 157. 157.],,,,,,
1161,0,1,,,,,,[  0.   0. 157. 157.],,,,,,
1162,0,1,,,,,,[  0.   0. 157. 157.],,,,,,
1163,0,1,,,,,,[  0.   0. 157. 157.],,,,,,
1164,0,1,,,,,,[  0.   0. 157. 157.],,,,,,
1165,0,1,,,,,,[  0.   0. 157. 157.],,,,,,
1166,0,1,,,,,,[  0.   0. 157. 157.],,,,,,
1167,0,1,,,,,,[  0.   0. 157. 157.],,,,,,
1168,0,1,,,,,,[  0.   0. 157. 157.],,,,,,
1169,0,1,,,,,,[  0.   0. 157. 157.],,,,,,
1170,0,1,,,,,,[  0.   0. 157. 157.],,,,,,
1171,0,1,,,,,,[  0.   0. 157. 157.],,,,,,
1172,0,1,,,,,,[  0.   0. 157. 157.],,,,,,
1173,0,1,,,,,,[  0.   0. 157. 157.],,,,,,
1174,0,1,,,,,,[  0.   0. 157. 157.],,,,,,
1175,0,1,,,,,,[  0.   0. 157. 157.],,,,,,
1176,0,1,,,,,,[  0.   0. 157. 157.],,,,,,
1177,0,1,,,,,,[  0.   0. 157. 157.],,,,,,
1178,0,1,,,,,,[  0.   0. 157. 157.],,,,,,
1179,0,1,,,,,,[  0.   0. 157. 157.],,,,,,
1180,0,1,,,,,,[  0.   0. 157. 157.],,,,,,
1181,0,1,,,,,,[  0.   0. 157. 157.],,,,,,
1182,0,1,,,,,,[  0.   0. 157. 157.],,,,,,
1183,0,1,,,,,,[  0.   0. 157. 157.],,,,,,
1184,0,1,,,,,,[  0.   0. 157. 157.],,,,,,
1185,0,1,,,,,,[  0.   0. 157. 157.],,,,,,
1186,0,1,,,,,,[  0.   0. 157. 157.],,,,,,
1187,0,1,,,,,,[  0.   0. 157. 157.],,,,,,
1188,0,1,,,,,,[  0.   0. 157. 157.],,,,,,
1189,0,1,,,,,,[  0.   0. 157. 157.],,,,,,
1190,0,1,,,,,,[ 80.384 109.9    86.664 120.89 ],,,,,,
1191,0,0,,,,,,,,,,,,
1192,0,1,,,,,,[ 73.79  124.972 112.412 157.   ],,,,,,
1193,0,0,,,,,,,,,,,,
1194,0,1,,,,,,[  0.   0. 157. 157.],,,,,,
1195,0,1,,,,,,[  0.   0. 157. 157.],,,,,,
1196,0,1,,,,,,[  0.   0. 157. 157.],,,,,,
1197,0,1,,,,,,[  0.   0. 157. 157.],,,,,,
1198,0,1,,,,,,[  0.   0. 157. 157.],,,,,,
1199,0,1,,,,,,[  0.   0. 157. 157.],,,,,,
1200,0,1,,,,,,[  0.   0. 157. 157.],,,,,,
1201,0,1,,,,,,[  0.   0. 157. 157.],,,,,,
1202,0,0,,,,,,,,,,,,
1203,0,0,,,,,,,,,,,,
1204,0,0,,,,,,,,,,,,
1205,0,0,,,,,,,,,,,,
1206,0,0,,,,,,,,,,,,
1207,0,0,,,,,,,,,,,,
1208,0,0,,,,,,,,,,,,
1209,0,0,,,,,,,,,,,,
1210,0,0,,,,,,,,,,,,
1211,0,1,,,,,,[  0.   0. 157. 157.],,,,,,
1212,0,1,,,,,,[  0.   0. 157. 157.],,,,,,
1213,0,1,,,,,,[  0.   0. 157. 157.],,,,,,
1214,0,1,,,,,,[  0.   0. 157. 157.],,,,,,
1215,0,1,,,,,,[  0.   0. 157. 157.],,,,,,
1216,0,1,,,,,,[  0.   0. 157. 157.],,,,,,
1217,0,1,,,,,,[  0.   0. 157. 157.],,,,,,
1218,0,1,,,,,,[  0.   0. 157. 157.],,,,,,
1219,0,1,,,,,,[  0.   0. 157. 157.],,,,,,
1220,0,1,,,,,,[  0.   0. 157. 157.],,,,,,
1221,0,1,,,,,,[  0.   0. 157. 157.],,,,,,
1222,0,1,,,,,,[  0.   0. 157. 157.],,,,,,
1223,0,1,,,,,,[  0.   0. 157. 157.],,,,,,
1224,0,1,,,,,,[  0.   0. 157. 157.],,,,,,
1225,0,1,,,,,,[  0.   0. 157. 157.],,,,,,
1226,0,1,,,,,,[  0.   0. 157. 157.],,,,,,
1227,0,1,,,,,,[  0.   0. 157. 157.],,,,,,
1228,0,1,,,,,,[  0.   0. 157. 157.],,,,,,
1229,0,1,,,,,,[  0.   0. 157. 157.],,,,,,
1230,0,1,,,,,,[  0.   0. 157. 157.],,,,,,
1231,0,1,,,,,,[  0.   0. 157. 157.],,,,,,
1232,0,1,,,,,,[  0.   0. 157. 157.],,,,,,
1233,0,1,,,,,,[  0.   0. 157. 157.],,,,,,
1234,0,1,,,,,,[  0.   0. 157. 157.],,,,,,
1235,0,1,,,,,,[  0.   0. 157. 157.],,,,,,
1236,0,1,,,,,,[  0.   0. 157. 157.],,,,,,
1237,0,1,,,,,,[  0.   0. 157. 157.],,,,,,
1238,0,1,,,,,,[  0.   0. 157. 157.],,,,,,
1239,0,1,,,,,,[  0.   0. 157. 157.],,,,,,
1240,0,1,,,,,,[  0.   0. 157. 157.],,,,,,
1241,0,1,,,,,,[  0.   0. 157. 157.],,,,,,
1242,0,1,,,,,,[  0.   0. 157. 157.],,,,,,
1243,0,1,,,,,,[  0.   0. 157. 157.],,,,,,
1244,0,1,,,,,,[  0.   0. 157. 157.],,,,,,
1245,0,1,,,,,,[  0.   0. 157. 157.],,,,,,
1246,0,1,,,,,,[  0.   0. 157. 157.],,,,,,
1247,0,1,,,,,,[  0.   0. 157. 157.],,,,,,
1248,0,1,,,,,,[  0.   0. 157. 157.],,,,,,
1249,0,1,,,,,,[  0.   0. 157. 157.],,,,,,
1250,0,1,,,,,,[  0.   0. 157. 157.],,,,,,
1251,0,1,,,,,,[  0.   0. 157. 157.],,,,,,
1252,0,1,,,,,,[  0.   0. 157. 157.],,,,,,
1253,0,1,,,,,,[  0.   0. 157. 157.],,,,,,
1254,0,1,,,,,,[  0.   0. 157. 157.],,,,,,
1255,0,1,,,,,,[  0.   0. 157. 157.],,,,,,
1256,0,1,,,,,,[  0.   0. 157. 157.],,,,,,
1257,0,1,,,,,,[  0.   0. 157. 157.],,,,,,
1258,0,1,,,,,,[  0.   0. 157. 157.],,,,,,
1259,0,1,,,,,,[  0.   0. 157. 157.],,,,,,
1260,0,0,,,,,,,,,,,,
1261,1,0,[147.58  151.976 157.    157.   ],,,,,,,,,,,
1262,0,2,,,,,,[51.81  34.54  70.336 53.38 ],[ 53.38    0.    112.098  48.042],,,,,
1263,0,0,,,,,,,,,,,,
1264,0,0,,,,,,,,,,,,
1265,0,1,,,,,,[  0.   0. 157. 157.],,,,,,
1266,0,1,,,,,,[  0.   0. 157. 157.],,,,,,
1267,0,1,,,,,,[  0.   0. 157. 157.],,,,,,
1268,0,1,,,,,,[  0.   0. 157. 157.],,,,,,
1269,0,1,,,,,,[  0.   0. 157. 157.],,,,,,
1270,0,1,,,,,,[  0.   0. 157. 157.],,,,,,
1271,0,1,,,,,,[  0.   0. 157. 157.],,,,,,
1272,0,1,,,,,,[  0.   0. 157. 157.],,,,,,
1273,0,1,,,,,,[  0.   0. 157. 157.],,,,,,
1274,0,1,,,,,,[  0.   0. 157. 157.],,,,,,
1275,0,1,,,,,,[  0.   0. 157. 157.],,,,,,
1276,0,1,,,,,,[  0.   0. 157. 157.],,,,,,
1277,0,1,,,,,,[  0.   0. 157. 157.],,,,,,
1278,0,1,,,,,,[  0.   0. 157. 157.],,,,,,
1279,0,1,,,,,,[  0.   0. 157. 157.],,,,,,
1280,0,0,,,,,,,,,,,,
1281,0,0,,,,,,,,,,,,
1282,1,1,[124.658  44.588 131.566  54.95 ],,,,,[52.124 43.646 61.23  50.868],,,,,,
1283,0,0,,,,,,,,,,,,
1284,0,1,,,,,,[143.498  26.062 157.     53.066],,,,,,
1285,0,4,,,,,,[ 0.    24.492 40.506 49.612],[ 0.    52.752 18.84  64.056],[18.526 52.752 40.506 63.114],[ 7.536 73.162 32.656 86.664],,,
1286,0,1,,,,,,[ 0.     6.594 16.328 13.188],,,,,,
1287,0,1,,,,,,[ 97.34   49.612 108.33   60.916],,,,,,
1288,0,0,,,,,,,,,,,,
1289,0,1,,,,,,[129.054  47.728 155.744  69.708],,,,,,
1290,0,1,,,,,,[45.216 36.424 63.428 51.81 ],,,,,,
1291,0,1,,,,,,[ 88.548  50.24  100.166  68.452],,,,,,
1292,0,7,,,,,,[83.21  64.37  91.374 78.5  ],[73.79  59.66  84.466 76.93 ],[ 71.906  85.094 104.876 109.9  ],[ 82.896 114.296 102.992 126.856],[ 0.    64.684 10.99  71.278],[139.102  60.916 157.     79.128],[106.76   67.196 119.948  82.582]
1293,0,3,,,,,,[46.158 50.24  62.8   68.452],[  0.314  88.234  28.574 102.992],[31.714 81.012 82.268 99.224],,,,
1294,0,1,,,,,,[105.19   66.568 133.136  89.804],,,,,,
1295,0,0,,,,,,,,,,,,
1296,0,0,,,,,,,,,,,,
1297,0,0,,,,,,,,,,,,
1298,0,0,,,,,,,,,,,,
1299,0,0,,,,,,,,,,,,
1300,0,0,,,,,,,,,,,,
1301,0,0,,,,,,,,,,,,
1302,0,0,,,,,,,,,,,,
1303,0,0,,,,,,,,,,,,
1304,0,1,,,,,,[  0.   0. 157. 157.],,,,,,
1305,0,1,,,,,,[  0.   0. 157. 157.],,,,,,
1306,0,1,,,,,,[  0.   0. 157. 157.],,,,,,
1307,0,1,,,,,,[  0.   0. 157. 157.],,,,,,
1308,0,1,,,,,,[  0.   0. 157. 157.],,,,,,
1309,0,1,,,,,,[  0.   0. 157. 157.],,,,,,
1310,0,1,,,,,,[  0.   0. 157. 157.],,,,,,
1311,0,1,,,,,,[  0.   0. 157. 157.],,,,,,
1312,0,1,,,,,,[  0.   0. 157. 157.],,,,,,
1313,0,1,,,,,,[  0.   0. 157. 157.],,,,,,
1314,0,1,,,,,,[  0.   0. 157. 157.],,,,,,
1315,0,1,,,,,,[  0.   0. 157. 157.],,,,,,
1316,0,1,,,,,,[  0.   0. 157. 157.],,,,,,
1317,0,1,,,,,,[  0.   0. 157. 157.],,,,,,
1318,0,1,,,,,,[  0.   0. 157. 157.],,,,,,
1319,0,1,,,,,,[  0.   0. 157. 157.],,,,,,
1320,0,1,,,,,,[  0.   0. 157. 157.],,,,,,
1321,0,1,,,,,,[  0.   0. 157. 157.],,,,,,
1322,0,1,,,,,,[  0.   0. 157. 157.],,,,,,
1323,0,1,,,,,,[  0.   0. 157. 157.],,,,,,
1324,0,1,,,,,,[  0.   0. 157. 157.],,,,,,
1325,0,1,,,,,,[  0.   0. 157. 157.],,,,,,
1326,0,1,,,,,,[  0.   0. 157. 157.],,,,,,
1327,0,1,,,,,,[  0.   0. 157. 157.],,,,,,
1328,0,1,,,,,,[  0.   0. 157. 157.],,,,,,
1329,0,1,,,,,,[  0.   0. 157. 157.],,,,,,
1330,0,1,,,,,,[  0.    131.88   40.506 157.   ],,,,,,
1331,0,0,,,,,,,,,,,,
1332,0,0,,,,,,,,,,,,
1333,0,0,,,,,,,,,,,,
1334,0,0,,,,,,,,,,,,
1335,0,1,,,,,,[  0.   0. 157. 157.],,,,,,
1336,0,1,,,,,,[  0.   0. 157. 157.],,,,,,
1337,0,1,,,,,,[  0.   0. 157. 157.],,,,,,
1338,0,1,,,,,,[  0.   0. 157. 157.],,,,,,
1339,0,1,,,,,,[  0.   0. 157. 157.],,,,,,
1340,0,1,,,,,,[  0.   0. 157. 157.],,,,,,
1341,0,1,,,,,,[  0.   0. 157. 157.],,,,,,
1342,0,1,,,,,,[  0.   0. 157. 157.],,,,,,
1343,0,1,,,,,,[  0.   0. 157. 157.],,,,,,
1344,0,1,,,,,,[  0.   0. 157. 157.],,,,,,
1345,0,1,,,,,,[  0.   0. 157. 157.],,,,,,
1346,0,1,,,,,,[  0.   0. 157. 157.],,,,,,
1347,0,1,,,,,,[  0.   0. 157. 157.],,,,,,
1348,0,1,,,,,,[  0.   0. 157. 157.],,,,,,
1349,0,1,,,,,,[  0.   0. 157. 157.],,,,,,
1350,0,0,,,,,,,,,,,,
1351,0,0,,,,,,,,,,,,
1352,0,0,,,,,,,,,,,,
1353,1,0,[43.646 44.902 60.916 57.148],,,,,,,,,,,
1354,1,0,[ 32.028 123.402  43.018 143.184],,,,,,,,,,,
1355,0,0,,,,,,,,,,,,
1356,0,0,,,,,,,,,,,,
1357,0,0,,,,,,,,,,,,
1358,0,0,,,,,,,,,,,,
1359,0,0,,,,,,,,,,,,
1360,0,0,,,,,,,,,,,,
1361,0,1,,,,,,[ 83.21  124.972 157.    148.836],,,,,,
1362,0,3,,,,,,[  4.082 117.436  13.502 122.46 ],[  7.85  123.402  13.816 132.194],[  0.    125.6     7.536 132.508],,,,
1363,0,1,,,,,,[ 19.154   5.024  76.616 135.962],,,,,,
1364,2,3,[12.874 47.728 22.608 52.752],[ 4.082 48.984 12.246 52.752],,,,[40.82   3.454 56.206 16.956],[130.938  24.178 149.778  34.54 ],[70.022 11.932 91.06  28.26 ],,,,
1365,0,0,,,,,,,,,,,,
1366,0,1,,,,,,[ 89.49  110.528 107.074 134.392],,,,,,
1367,0,0,,,,,,,,,,,,
1368,0,0,,,,,,,,,,,,
1369,0,0,,,,,,,,,,,,
1370,0,1,,,,,,[  0.     86.664  22.294 106.132],,,,,,
1371,0,0,,,,,,,,,,,,
1372,0,0,,,,,,,,,,,,
1373,0,0,,,,,,,,,,,,
1374,0,0,,,,,,,,,,,,
1375,0,0,,,,,,,,,,,,
1376,0,1,,,,,,[  0.   0. 157. 157.],,,,,,
1377,0,1,,,,,,[  0.   0. 157. 157.],,,,,,
1378,0,1,,,,,,[  0.   0. 157. 157.],,,,,,
1379,0,1,,,,,,[  0.   0. 157. 157.],,,,,,
1380,0,1,,,,,,[  0.   0. 157. 157.],,,,,,
1381,0,1,,,,,,[  0.   0. 157. 157.],,,,,,
1382,0,1,,,,,,[  0.   0. 157. 157.],,,,,,
1383,0,1,,,,,,[  0.   0. 157. 157.],,,,,,
1384,0,1,,,,,,[  0.   0. 157. 157.],,,,,,
1385,0,1,,,,,,[  0.   0. 157. 157.],,,,,,
1386,0,1,,,,,,[  0.   0. 157. 157.],,,,,,
1387,0,1,,,,,,[  0.   0. 157. 157.],,,,,,
1388,0,1,,,,,,[  0.   0. 157. 157.],,,,,,
1389,0,1,,,,,,[  0.   0. 157. 157.],,,,,,
1390,0,1,,,,,,[  0.   0. 157. 157.],,,,,,
1391,0,1,,,,,,[  0.   0. 157. 157.],,,,,,
1392,0,1,,,,,,[  0.   0. 157. 157.],,,,,,
1393,0,1,,,,,,[  0.   0. 157. 157.],,,,,,
1394,0,1,,,,,,[  0.   0. 157. 157.],,,,,,
1395,0,1,,,,,,[  0.   0. 157. 157.],,,,,,
1396,0,1,,,,,,[  0.   0. 157. 157.],,,,,,
1397,0,1,,,,,,[  0.   0. 157. 157.],,,,,,
1398,0,1,,,,,,[  0.   0. 157. 157.],,,,,,
1399,0,1,,,,,,[  0.   0. 157. 157.],,,,,,
1400,0,0,,,,,,,,,,,,
1401,0,0,,,,,,,,,,,,
1402,0,0,,,,,,,,,,,,
1403,0,0,,,,,,,,,,,,
1404,0,1,,,,,,[  0.   0. 157. 157.],,,,,,
1405,0,1,,,,,,[  0.   0. 157. 157.],,,,,,
1406,0,1,,,,,,[  0.   0. 157. 157.],,,,,,
1407,0,1,,,,,,[  0.   0. 157. 157.],,,,,,
1408,0,1,,,,,,[  0.   0. 157. 157.],,,,,,
1409,0,1,,,,,,[  0.   0. 157. 157.],,,,,,
1410,0,1,,,,,,[  0.   0. 157. 157.],,,,,,
1411,0,1,,,,,,[  0.   0. 157. 157.],,,,,,
1412,0,1,,,,,,[  0.   0. 157. 157.],,,,,,
1413,0,1,,,,,,[  0.   0. 157. 157.],,,,,,
1414,0,1,,,,,,[  0.   0. 157. 157.],,,,,,
1415,0,1,,,,,,[  0.   0. 157. 157.],,,,,,
1416,0,1,,,,,,[  0.   0. 157. 157.],,,,,,
1417,0,1,,,,,,[  0.   0. 157. 157.],,,,,,
1418,0,1,,,,,,[  0.   0. 157. 157.],,,,,,
1419,0,1,,,,,,[  0.   0. 157. 157.],,,,,,
1420,0,0,,,,,,,,,,,,
1421,0,0,,,,,,,,,,,,
1422,0,0,,,,,,,,,,,,
1423,0,0,,,,,,,,,,,,
1424,1,0,[ 21.352  98.596  51.182 114.924],,,,,,,,,,,
1425,1,0,[ 46.786 115.552  67.196 126.856],,,,,,,,,,,
1426,0,0,,,,,,,,,,,,
1427,1,0,[77.872 18.526 89.804 31.4  ],,,,,,,,,,,
1428,0,0,,,,,,,,,,,,
1429,0,0,,,,,,,,,,,,
1430,0,0,,,,,,,,,,,,
1431,0,0,,,,,,,,,,,,
1432,0,0,,,,,,,,,,,,
1433,0,0,,,,,,,,,,,,
1434,1,0,[ 97.34   39.25  119.948  63.428],,,,,,,,,,,
1435,0,0,,,,,,,,,,,,
1436,0,0,,,,,,,,,,,,
1437,0,0,,,,,,,,,,,,
1438,0,0,,,,,,,,,,,,
1439,0,1,,,,,,[23.55  23.236 44.274 35.796],,,,,,
1440,0,0,,,,,,,,,,,,
1441,0,0,,,,,,,,,,,,
1442,0,0,,,,,,,,,,,,
1443,0,0,,,,,,,,,,,,
1444,0,0,,,,,,,,,,,,
1445,0,0,,,,,,,,,,,,
1446,0,0,,,,,,,,,,,,
1447,0,0,,,,,,,,,,,,
1448,0,0,,,,,,,,,,,,
1449,0,1,,,,,,[  0.628   0.    157.     68.766],,,,,,
1450,0,1,,,,,,[  0.      0.    157.     79.128],,,,,,
1451,0,1,,,,,,[  5.652   0.    157.     94.828],,,,,,
1452,0,1,,,,,,[  2.826   0.    157.    124.03 ],,,,,,
1453,0,1,,,,,,[  0.   0. 157. 157.],,,,,,
1454,0,1,,,,,,[  0.   0. 157. 157.],,,,,,
1455,0,1,,,,,,[  0.   0. 157. 157.],,,,,,
1456,0,1,,,,,,[  0.   0. 157. 157.],,,,,,
1457,0,1,,,,,,[  0.   0. 157. 157.],,,,,,
1458,0,1,,,,,,[  0.   0. 157. 157.],,,,,,
1459,0,1,,,,,,[  0.   0. 157. 157.],,,,,,
1460,0,1,,,,,,[  0.   0. 157. 157.],,,,,,
1461,0,1,,,,,,[  0.   0. 157. 157.],,,,,,
1462,0,1,,,,,,[  0.   0. 157. 157.],,,,,,
1463,0,1,,,,,,[  0.   0. 157. 157.],,,,,,
1464,0,1,,,,,,[  0.   0. 157. 157.],,,,,,
1465,0,1,,,,,,[  0.   0. 157. 157.],,,,,,
1466,0,1,,,,,,[  0.   0. 157. 157.],,,,,,
1467,0,1,,,,,,[  0.   0. 157. 157.],,,,,,
1468,0,1,,,,,,[  0.   0. 157. 157.],,,,,,
1469,0,1,,,,,,[  0.   0. 157. 157.],,,,,,
1470,0,0,,,,,,,,,,,,
1471,0,0,,,,,,,,,,,,
1472,0,0,,,,,,,,,,,,
1473,0,1,,,,,,[  0.   0. 157. 157.],,,,,,
1474,0,1,,,,,,[  0.   0. 157. 157.],,,,,,
1475,0,1,,,,,,[  0.   0. 157. 157.],,,,,,
1476,0,1,,,,,,[  0.   0. 157. 157.],,,,,,
1477,0,1,,,,,,[  0.   0. 157. 157.],,,,,,
1478,0,1,,,,,,[  0.   0. 157. 157.],,,,,,
1479,0,1,,,,,,[  0.   0. 157. 157.],,,,,,
1480,0,1,,,,,,[  0.   0. 157. 157.],,,,,,
1481,0,1,,,,,,[  0.   0. 157. 157.],,,,,,
1482,0,1,,,,,,[  0.   0. 157. 157.],,,,,,
1483,0,1,,,,,,[  0.   0. 157. 157.],,,,,,
1484,0,1,,,,,,[  0.   0. 157. 157.],,,,,,
1485,0,1,,,,,,[  0.   0. 157. 157.],,,,,,
1486,0,1,,,,,,[  0.   0. 157. 157.],,,,,,
1487,0,1,,,,,,[  0.   0. 157. 157.],,,,,,
1488,0,1,,,,,,[  0.   0. 157. 157.],,,,,,
1489,0,2,,,,,,[  0.      2.512  57.462 157.   ],[110.214  70.022 122.774  82.268],,,,,
1490,0,0,,,,,,,,,,,,
1491,1,0,[ 64.37  133.136  76.616 155.43 ],,,,,,,,,,,
1492,0,0,,,,,,,,,,,,
1493,0,0,,,,,,,,,,,,
1494,0,0,,,,,,,,,,,,
1495,0,0,,,,,,,,,,,,
1496,0,0,,,,,,,,,,,,
1497,0,0,,,,,,,,,,,,
1498,0,0,,,,,,,,,,,,
1499,0,0,,,,,,,,,,,,
1500,0,0,,,,,,,,,,,,
1501,0,0,,,,,,,,,,,,
1502,0,0,,,,,,,,,,,,
1503,0,0,,,,,,,,,,,,
1504,0,0,,,,,,,,,,,,
1505,1,0,[ 93.258 129.682 111.47  142.87 ],,,,,,,,,,,
1506,0,0,,,,,,,,,,,,
1507,0,0,,,,,,,,,,,,
1508,0,0,,,,,,,,,,,,
1509,1,0,[ 29.516 109.9    41.762 114.924],,,,,,,,,,,
1510,0,1,,,,,,[ 73.79   96.398  81.954 105.19 ],,,,,,
1511,0,0,,,,,,,,,,,,
1512,1,0,[76.616 60.916 83.838 66.882],,,,,,,,,,,
1513,0,0,,,,,,,,,,,,
1514,0,0,,,,,,,,,,,,
1515,0,1,,,,,,[124.658 150.406 156.686 157.   ],,,,,,
1516,0,0,,,,,,,,,,,,
1517,0,0,,,,,,,,,,,,
1518,0,0,,,,,,,,,,,,
1519,0,1,,,,,,[44.274 38.308 49.612 43.332],,,,,,
1520,0,0,,,,,,,,,,,,
1521,0,1,,,,,,[ 75.674 128.74   88.234 138.788],,,,,,
1522,0,0,,,,,,,,,,,,
1523,0,0,,,,,,,,,,,,
1524,0,0,,,,,,,,,,,,
1525,0,1,,,,,,[ 31.714   0.    157.    136.59 ],,,,,,
1526,0,1,,,,,,[  0.   0. 157. 157.],,,,,,
1527,0,1,,,,,,[  0.   0. 157. 157.],,,,,,
1528,0,1,,,,,,[  0.   0. 157. 157.],,,,,,
1529,0,1,,,,,,[  0.   0. 157. 157.],,,,,,
1530,0,1,,,,,,[  0.   0. 157. 157.],,,,,,
1531,0,1,,,,,,[  0.   0. 157. 157.],,,,,,
1532,0,1,,,,,,[  0.   0. 157. 157.],,,,,,
1533,0,1,,,,,,[  0.   0. 157. 157.],,,,,,
1534,0,1,,,,,,[  0.   0. 157. 157.],,,,,,
1535,0,1,,,,,,[  0.   0. 157. 157.],,,,,,
1536,0,1,,,,,,[  0.   0. 157. 157.],,,,,,
1537,0,1,,,,,,[  0.   0. 157. 157.],,,,,,
1538,0,1,,,,,,[  0.   0. 157. 157.],,,,,,
1539,0,1,,,,,,[  0.   0. 157. 157.],,,,,,
1540,0,0,,,,,,,,,,,,
1541,0,0,,,,,,,,,,,,
1542,0,0,,,,,,,,,,,,
1543,0,0,,,,,,,,,,,,
1544,0,0,,,,,,,,,,,,
1545,0,0,,,,,,,,,,,,
1546,0,0,,,,,,,,,,,,
1547,0,1,,,,,,[  0.   0. 157. 157.],,,,,,
1548,0,1,,,,,,[  0.   0. 157. 157.],,,,,,
1549,0,1,,,,,,[  0.   0. 157. 157.],,,,,,
1550,0,1,,,,,,[  0.   0. 157. 157.],,,,,,
1551,0,1,,,,,,[  0.   0. 157. 157.],,,,,,
1552,0,1,,,,,,[  0.   0. 157. 157.],,,,,,
1553,0,1,,,,,,[  0.   0. 157. 157.],,,,,,
1554,0,1,,,,,,[  0.   0. 157. 157.],,,,,,
1555,0,1,,,,,,[  0.   0. 157. 157.],,,,,,
1556,0,1,,,,,,[  0.   0. 157. 157.],,,,,,
1557,0,1,,,,,,[  0.   0. 157. 157.],,,,,,
1558,0,1,,,,,,[  0.      0.    139.73  123.088],,,,,,
1559,0,0,,,,,,,,,,,,
1560,0,0,,,,,,,,,,,,
1561,0,0,,,,,,,,,,,,
1562,0,0,,,,,,,,,,,,
1563,0,0,,,,,,,,,,,,
1564,0,0,,,,,,,,,,,,
1565,0,0,,,,,,,,,,,,
1566,1,0,[144.44   89.804 155.744  99.538],,,,,,,,,,,
1567,0,0,,,,,,,,,,,,
1568,0,0,,,,,,,,,,,,
1569,0,0,,,,,,,,,,,,
1570,0,0,,,,,,,,,,,,
1571,0,0,,,,,,,,,,,,
1572,0,0,,,,,,,,,,,,
1573,0,0,,,,,,,,,,,,
1574,0,0,,,,,,,,,,,,
1575,1,0,[136.59  143.184 157.    157.   ],,,,,,,,,,,
1576,0,0,,,,,,,,,,,,
1577,0,0,,,,,,,,,,,,
1578,0,0,,,,,,,,,,,,
1579,0,0,,,,,,,,,,,,
1580,0,1,,,,,,[106.76   92.316 117.436 104.562],,,,,,
1581,0,0,,,,,,,,,,,,
1582,0,0,,,,,,,,,,,,
1583,0,0,,,,,,,,,,,,
1584,0,1,,,,,,[ 86.664 138.788 107.074 157.   ],,,,,,
1585,1,1,[137.846  56.834 147.58   67.824],,,,,[69.08  84.152 79.756 97.968],,,,,,
1586,0,0,,,,,,,,,,,,
1587,0,0,,,,,,,,,,,,
1588,0,0,,,,,,,,,,,,
1589,0,0,,,,,,,,,,,,
1590,0,1,,,,,,[83.21  50.868 91.374 56.206],,,,,,
1591,0,0,,,,,,,,,,,,
1592,0,0,,,,,,,,,,,,
1593,0,0,,,,,,,,,,,,
1594,0,0,,,,,,,,,,,,
1595,0,0,,,,,,,,,,,,
1596,0,1,,,,,,[  0.   0. 157. 157.],,,,,,
1597,0,1,,,,,,[  0.   0. 157. 157.],,,,,,
1598,0,1,,,,,,[  0.   0. 157. 157.],,,,,,
1599,0,1,,,,,,[  0.   0. 157. 157.],,,,,,
1600,0,1,,,,,,[  0.   0. 157. 157.],,,,,,
1601,0,1,,,,,,[  0.   0. 157. 157.],,,,,,
1602,0,1,,,,,,[  0.   0. 157. 157.],,,,,,
1603,0,1,,,,,,[  0.   0. 157. 157.],,,,,,
1604,0,1,,,,,,[  0.   0. 157. 157.],,,,,,
1605,0,1,,,,,,[  0.   0. 157. 157.],,,,,,
1606,0,1,,,,,,[  0.   0. 157. 157.],,,,,,
1607,0,1,,,,,,[  0.   0. 157. 157.],,,,,,
1608,0,1,,,,,,[  0.   0. 157. 157.],,,,,,
1609,0,1,,,,,,[  0.   0. 157. 157.],,,,,,
1610,0,1,,,,,,[ 19.782 135.648  26.69  141.928],,,,,,
1611,2,1,[44.274 30.458 61.858 48.67 ],[69.708 64.684 83.21  78.186],,,,[102.678 128.74  123.402 141.3  ],,,,,,
1612,0,0,,,,,,,,,,,,
1613,0,1,,,,,,[ 39.878 118.378  46.786 124.972],,,,,,
1614,0,0,,,,,,,,,,,,
1615,0,0,,,,,,,,,,,,
1616,0,0,,,,,,,,,,,,
1617,0,0,,,,,,,,,,,,
1618,0,1,,,,,,[  0.   0. 157. 157.],,,,,,
1619,0,1,,,,,,[  0.   0. 157. 157.],,,,,,
1620,0,1,,,,,,[  0.   0. 157. 157.],,,,,,
1621,0,1,,,,,,[  0.   0. 157. 157.],,,,,,
1622,0,1,,,,,,[  0.   0. 157. 157.],,,,,,
1623,0,1,,,,,,[  0.   0. 157. 157.],,,,,,
1624,0,1,,,,,,[  0.   0. 157. 157.],,,,,,
1625,0,1,,,,,,[  0.   0. 157. 157.],,,,,,
1626,0,1,,,,,,[  0.   0. 157. 157.],,,,,,
1627,0,1,,,,,,[  0.   0. 157. 157.],,,,,,
1628,0,0,,,,,,,,,,,,
1629,0,1,,,,,,[ 0.    58.09  15.386 77.244],,,,,,
1630,0,1,,,,,,[ 61.858 126.856  69.08  136.276],,,,,,
1631,0,0,,,,,,,,,,,,
1632,0,0,,,,,,,,,,,,
1633,0,1,,,,,,[124.658 115.866 133.764 121.204],,,,,,
1634,1,0,[ 98.596  98.596 113.354 113.04 ],,,,,,,,,,,
1635,0,1,,,,,,[151.034  36.424 157.     48.042],,,,,,
1636,1,0,[  0.    138.16   10.99  146.952],,,,,,,,,,,
1637,0,0,,,,,,,,,,,,
1638,0,1,,,,,,[28.574 10.676 37.366 21.98 ],,,,,,
1639,0,0,,,,,,,,,,,,
1640,0,0,,,,,
1641,0,0,,,,,
1642,0,0,,,,,
1643,0,1,,,,,,[137.532  95.77  154.174 109.272]
1644,0,0,,,,,
1645,0,0,,,,,
1646,0,1,,,,,,[ 86.664  86.036 102.364 104.248]
1647,0,1,,,,,,[121.832  49.298 137.218  68.452]
1648,0,1,,,,,,[ 75.36  119.006  87.606 131.566]
1649,0,0,,,,,
1650,0,1,,,,,,[31.714 16.956 48.984 29.202]
1651,0,0,,,,,
1652,0,0,,,,,
1653,1,0,[50.554 36.424 60.602 47.728],,,,
1654,0,1,,,,,,[ 30.144 107.702  49.926 121.204]
1655,0,0,,,,,
1656,0,1,,,,,,[ 95.77  102.05  114.924 114.924]
1657,0,1,,,,,,[72.22  26.062 85.094 40.192]
1658,1,1,[ 97.026  30.144 107.074  38.622],,,,,[ 23.864 136.276  39.878 152.918]
1659,0,0,,,,,
1660,0,0,,,,,
1661,1,1,[123.088  41.134 139.416  66.254],,,,,[26.69  42.704 41.134 61.23 ]
1662,0,0,,,,,
1663,0,0,,,,,
1664,0,0,,,,,
1665,0,0,,,,,
1666,1,0,[124.03   41.134 141.928  66.568],,,,
1667,0,1,,,,,,[  0.   0. 157. 157.]
1668,0,0,,,,,
1669,0,1,,,,,,[  0.   0. 157. 157.]
1670,0,0,,,,,
1671,0,0,,,,,
1672,0,0,,,,,
1673,0,0,,,,,
1674,0,0,,,,,
1675,0,0,,,,,
1676,0,0,,,,,
1677,0,0,,,,,
1678,0,1,,,,,,[  0.   0. 157. 157.]
1679,0,1,,,,,,[  0.   0. 157. 157.]
1680,0,0,,,,,
1681,0,0,,,,,
1682,0,0,,,,,
1683,0,0,,,,,
1684,1,1,[ 34.226  94.514  47.414 104.876],,,,,[49.612 53.066 63.742 67.51 ]
1685,0,0,,,,,
1686,0,0,,,,,
1687,0,0,,,,,
1688,0,0,,,,,
1689,0,0,,,,,
1690,0,0,,,,,
1691,0,0,,,,,
1692,0,0,,,,,
1693,0,0,,,,,
1694,0,0,,,,,
1695,0,0,,,,,
1696,0,0,,,,,
1697,0,0,,,,,
1698,0,0,,,,,
1699,0,0,,,,,
1700,0,0,,,,,
1701,0,0,,,,,
1702,0,0,,,,,
1703,0,0,,,,,
1704,0,0,,,,,
1705,0,0,,,,,
1706,1,0,[108.016 122.146 122.46  135.962],,,,
